CustomerID,Churn
50001,1
50002,1
50003,1
50004,1
50005,1
50006,1
50007,1
50008,1
50009,1
50010,1
50011,1
50013,1
50014,1
50015,1
50016,1
50018,1
50021,1
50023,1
50024,1
50026,1
50027,0
50029,0
50030,0
50032,0
50033,0
50034,0
50035,0
50037,0
50039,0
50040,0
50041,0
50042,0
50044,0
50045,0
50047,1
50048,0
50049,0
50050,0
50051,0
50052,0
50053,1
50054,0
50055,0
50056,0
50057,0
50059,0
50060,0
50061,0
50062,0
50063,0
50067,0
50068,1
50070,0
50072,0
50073,0
50074,0
50075,0
50076,0
50078,0
50079,0
50080,1
50081,1
50082,0
50084,0
50085,0
50087,0
50088,0
50089,0
50090,1
50091,0
50092,1
50093,1
50094,0
50095,0
50096,0
50097,0
50098,0
50100,0
50102,0
50103,0
50104,0
50105,1
50106,0
50107,0
50108,0
50109,0
50110,1
50111,0
50112,1
50113,0
50114,0
50115,1
50117,0
50118,0
50119,0
50121,0
50122,0
50123,0
50124,0
50125,0
50126,1
50127,0
50128,0
50129,0
50130,0
50133,0
50134,0
50135,1
50136,0
50137,0
50138,0
50139,0
50140,1
50141,0
50143,0
50144,0
50145,0
50146,0
50147,1
50149,0
50150,0
50151,0
50152,0
50153,0
50154,0
50155,0
50156,0
50157,0
50158,0
50160,0
50162,1
50163,0
50164,1
50165,0
50167,0
50168,0
50169,1
50171,0
50172,1
50173,0
50174,0
50175,0
50177,0
50178,0
50180,0
50181,0
50183,0
50184,0
50185,0
50186,0
50187,0
50188,0
50189,0
50190,0
50191,0
50193,1
50194,0
50195,0
50197,0
50198,0
50200,0
50201,0
50202,0
50203,1
50204,0
50207,0
50208,0
50209,0
50210,0
50211,0
50212,1
50215,0
50216,0
50217,0
50218,0
50219,0
50220,0
50221,0
50222,0
50223,0
50224,0
50226,0
50227,0
50228,0
50229,0
50230,0
50231,0
50232,0
50233,1
50235,0
50236,0
50237,0
50238,0
50239,1
50240,0
50242,1
50243,0
50244,1
50245,0
50246,1
50249,0
50250,0
50251,0
50252,0
50253,0
50254,1
50255,0
50257,0
50259,0
50261,1
50262,0
50264,0
50265,0
50266,0
50268,0
50269,0
50270,0
50271,0
50272,0
50273,0
50274,0
50275,0
50276,0
50278,0
50279,0
50280,0
50281,1
50282,0
50283,0
50284,0
50286,0
50288,0
50289,0
50290,1
50291,1
50292,0
50293,0
50294,0
50295,0
50296,0
50297,1
50299,0
50301,0
50302,0
50303,0
50304,0
50305,0
50306,0
50308,0
50309,0
50310,0
50311,1
50312,1
50314,0
50317,0
50318,0
50319,1
50320,0
50321,0
50322,0
50323,0
50325,0
50327,0
50328,0
50329,1
50330,0
50331,0
50332,0
50333,1
50334,0
50336,0
50338,0
50340,0
50341,0
50343,0
50344,0
50345,1
50346,0
50347,0
50348,0
50349,0
50350,0
50351,0
50352,0
50353,0
50354,0
50355,1
50356,1
50357,0
50358,1
50359,0
50360,0
50361,0
50363,0
50364,0
50365,0
50366,0
50367,0
50368,0
50369,0
50370,0
50373,0
50374,0
50375,0
50376,0
50377,0
50378,0
50379,0
50382,0
50383,0
50384,0
50385,0
50386,0
50387,0
50388,0
50389,1
50390,1
50391,0
50392,0
50393,0
50394,0
50395,0
50396,0
50397,0
50398,0
50399,0
50400,0
50402,0
50403,0
50404,1
50405,0
50406,0
50407,0
50408,0
50409,0
50410,0
50411,0
50412,0
50413,0
50414,0
50415,0
50417,0
50418,0
50419,0
50421,0
50423,1
50424,0
50425,0
50426,0
50427,0
50428,0
50429,0
50430,0
50431,0
50432,0
50433,0
50434,0
50435,0
50436,0
50437,0
50438,1
50439,0
50440,0
50441,0
50442,1
50443,0
50444,1
50447,0
50448,0
50450,0
50451,0
50452,0
50453,0
50454,0
50455,0
50456,0
50457,0
50458,0
50460,0
50461,1
50462,0
50465,1
50466,0
50467,1
50468,0
50469,0
50470,0
50471,1
50472,0
50474,1
50475,0
50476,0
50477,0
50478,0
50480,0
50481,0
50482,0
50484,1
50485,0
50487,0
50489,0
50491,0
50492,0
50496,0
50499,0
50500,0
50503,0
50504,0
50505,0
50506,0
50507,0
50508,0
50509,0
50511,0
50513,0
50514,0
50515,0
50517,0
50518,0
50519,0
50520,0
50521,1
50522,0
50523,0
50524,0
50525,0
50526,0
50527,0
50528,0
50529,0
50530,0
50531,0
50533,0
50534,0
50535,0
50536,1
50537,0
50538,1
50539,1
50540,0
50541,0
50542,1
50543,1
50544,0
50545,1
50546,0
50547,0
50548,0
50549,0
50550,0
50551,0
50552,0
50553,0
50554,0
50555,0
50556,0
50557,0
50558,0
50559,1
50561,0
50562,0
50565,1
50566,0
50567,0
50568,0
50569,1
50571,1
50572,0
50573,0
50574,0
50575,0
50576,1
50577,0
50578,0
50580,0
50581,0
50585,1
50586,0
50587,1
50588,0
50589,0
50592,0
50593,0
50594,0
50595,0
50596,1
50597,0
50598,0
50599,0
50600,0
50601,1
50602,0
50603,0
50604,0
50608,1
50609,0
50610,0
50611,0
50613,0
50614,0
50615,0
50617,0
50618,0
50620,1
50621,0
50622,0
50624,1
50625,1
50626,0
50628,1
50629,0
50630,0
50631,0
50632,0
50633,0
50635,0
50638,1
50639,0
50640,0
50642,0
50644,0
50645,0
50646,0
50647,0
50648,0
50649,0
50651,0
50653,1
50654,0
50656,1
50657,0
50658,0
50659,0
50660,0
50661,0
50662,0
50663,0
50664,0
50665,1
50666,0
50667,1
50668,1
50669,0
50671,0
50672,1
50674,1
50676,1
50677,1
50678,0
50679,0
50680,0
50681,0
50682,0
50683,0
50685,0
50686,0
50687,0
50689,1
50690,0
50691,0
50692,0
50693,0
50694,0
50695,0
50696,0
50697,0
50699,0
50700,0
50703,0
50704,1
50706,0
50708,0
50709,0
50710,0
50712,1
50713,0
50714,1
50715,0
50716,0
50717,0
50718,1
50720,0
50721,0
50722,0
50723,0
50724,0
50725,1
50727,0
50728,0
50729,0
50730,0
50731,0
50733,1
50734,0
50735,0
50736,1
50737,0
50738,0
50739,0
50741,0
50742,0
50743,0
50745,0
50746,0
50747,1
50748,0
50749,0
50751,0
50752,0
50753,0
50754,0
50755,0
50757,0
50759,0
50760,0
50761,0
50762,0
50763,0
50764,0
50765,0
50767,0
50768,1
50769,0
50770,0
50771,0
50772,0
50773,0
50775,0
50777,0
50779,0
50780,0
50781,0
50782,0
50783,0
50785,0
50788,0
50789,1
50790,0
50791,1
50792,0
50796,0
50797,0
50798,0
50799,0
50801,0
50802,0
50803,0
50805,0
50806,0
50808,1
50809,0
50810,0
50811,0
50813,0
50815,1
50816,1
50818,0
50819,0
50820,0
50822,1
50823,1
50824,0
50825,0
50826,0
50828,1
50829,1
50830,0
50831,0
50832,0
50833,0
50834,0
50835,0
50836,0
50838,0
50839,0
50840,0
50841,0
50842,1
50843,0
50845,0
50846,0
50848,0
50849,0
50850,0
50851,1
50853,0
50854,0
50855,0
50856,1
50857,1
50858,0
50859,0
50860,0
50862,0
50863,0
50864,0
50867,0
50868,0
50869,0
50871,0
50872,0
50873,1
50874,0
50875,0
50878,0
50879,0
50880,0
50883,1
50884,0
50885,0
50886,0
50888,1
50889,0
50890,0
50891,0
50892,1
50893,0
50894,0
50895,0
50896,0
50897,1
50898,0
50899,0
50900,0
50902,0
50903,0
50904,0
50906,0
50907,1
50908,1
50909,1
50910,0
50911,0
50912,1
50913,0
50914,0
50915,1
50916,0
50919,0
50920,0
50921,0
50922,0
50923,0
50924,0
50925,0
50926,0
50927,0
50929,0
50930,0
50932,1
50934,1
50935,0
50936,1
50937,0
50938,0
50939,0
50940,0
50941,0
50942,0
50943,0
50944,1
50945,0
50946,0
50947,0
50948,0
50950,0
50951,0
50953,1
50954,0
50955,0
50956,0
50958,0
50959,1
50961,1
50962,0
50963,0
50964,0
50965,0
50966,0
50967,0
50968,0
50969,0
50971,0
50972,0
50973,0
50974,0
50975,0
50976,0
50977,0
50978,0
50979,0
50980,0
50981,0
50982,1
50983,0
50985,0
50986,1
50987,1
50988,1
50989,0
50990,0
50991,0
50992,0
50993,0
50995,0
50996,0
50997,0
50998,0
50999,0
51000,0
51001,0
51002,0
51003,0
51006,0
51007,0
51008,0
51009,0
51010,0
51011,0
51012,1
51013,0
51015,0
51017,0
51018,0
51020,0
51022,0
51023,0
51025,0
51027,0
51029,1
51030,0
51031,0
51032,0
51033,0
51034,0
51035,0
51036,0
51037,0
51038,1
51039,0
51040,0
51041,0
51042,0
51047,1
51050,0
51051,0
51052,0
51053,0
51054,0
51056,0
51057,0
51059,0
51060,0
51061,0
51062,1
51063,0
51065,0
51067,0
51069,0
51070,0
51071,0
51075,0
51077,1
51078,0
51079,0
51081,1
51082,0
51084,0
51085,0
51086,0
51087,0
51088,0
51089,1
51090,0
51091,0
51092,0
51093,0
51097,0
51098,1
51099,1
51100,0
51101,0
51102,0
51103,0
51104,0
51105,0
51106,0
51107,0
51108,0
51109,0
51110,0
51111,0
51113,1
51114,0
51115,0
51116,0
51117,0
51118,0
51119,0
51120,0
51121,0
51123,0
51124,0
51125,1
51127,0
51128,0
51129,0
51132,0
51133,1
51134,0
51135,0
51137,0
51139,0
51140,0
51141,0
51143,0
51144,0
51145,0
51146,0
51147,1
51148,0
51150,0
51151,0
51152,0
51153,0
51154,0
51155,1
51156,0
51157,1
51158,0
51159,0
51160,0
51161,0
51162,0
51163,0
51164,0
51165,0
51166,1
51167,1
51170,0
51174,1
51175,0
51177,0
51178,0
51179,0
51180,0
51181,0
51182,0
51183,0
51185,0
51186,0
51187,0
51188,1
51191,0
51192,0
51193,0
51195,0
51197,0
51198,0
51200,0
51201,0
51203,0
51204,0
51205,0
51206,0
51207,0
51208,1
51209,1
51210,0
51211,0
51212,0
51214,1
51215,1
51217,0
51218,0
51221,0
51222,0
51223,0
51224,0
51225,0
51226,0
51227,0
51228,0
51229,1
51230,1
51231,0
51232,0
51233,0
51235,0
51236,0
51237,0
51239,0
51240,0
51241,1
51244,0
51245,1
51246,0
51247,0
51248,0
51250,0
51251,1
51252,0
51253,0
51254,0
51255,1
51256,0
51257,0
51259,0
51260,0
51262,0
51263,0
51264,0
51267,0
51268,0
51269,0
51270,0
51271,1
51272,1
51273,0
51274,0
51275,0
51276,0
51277,0
51279,0
51280,0
51281,0
51282,0
51283,0
51284,0
51285,0
51286,0
51287,0
51288,0
51289,0
51290,0
51291,0
51294,0
51296,0
51297,0
51300,0
51301,0
51303,0
51304,0
51305,0
51306,0
51307,0
51308,0
51311,0
51312,0
51313,0
51314,1
51317,0
51318,1
51319,0
51320,1
51321,0
51322,0
51323,0
51324,0
51325,0
51326,0
51327,0
51328,1
51330,0
51331,0
51332,0
51333,0
51334,0
51335,0
51336,0
51337,1
51338,0
51339,0
51340,0
51341,0
51342,0
51343,0
51344,0
51345,0
51346,1
51347,0
51349,0
51350,0
51351,0
51352,0
51353,0
51354,0
51356,0
51357,0
51358,0
51361,0
51362,0
51364,0
51365,0
51366,0
51367,1
51369,0
51371,0
51372,1
51374,0
51375,0
51376,0
51377,0
51378,0
51379,1
51380,1
51381,0
51382,1
51383,0
51384,0
51385,0
51388,1
51390,0
51391,1
51392,0
51393,0
51395,0
51397,1
51400,0
51402,0
51403,0
51408,0
51410,0
51411,0
51412,0
51413,0
51414,0
51416,0
51417,0
51420,0
51421,0
51422,0
51423,0
51425,0
51426,0
51427,0
51428,0
51429,0
51430,0
51431,0
51432,0
51433,0
51434,0
51435,1
51438,0
51439,0
51440,0
51441,0
51442,0
51443,0
51445,0
51446,1
51447,0
51448,1
51449,0
51450,0
51451,0
51453,1
51454,0
51455,0
51456,0
51458,0
51459,0
51460,0
51461,0
51463,0
51464,0
51465,0
51467,0
51468,1
51469,0
51470,1
51472,1
51473,1
51474,0
51477,0
51478,1
51483,0
51484,0
51485,0
51487,0
51489,0
51490,0
51492,0
51493,0
51494,0
51495,0
51496,0
51497,0
51498,0
51500,0
51501,0
51502,0
51504,0
51506,0
51507,0
51509,0
51511,0
51513,0
51514,0
51516,0
51518,0
51521,0
51523,1
51524,0
51525,0
51526,0
51529,0
51530,0
51531,0
51532,0
51533,0
51535,0
51536,0
51537,0
51538,1
51539,0
51541,0
51542,0
51544,0
51545,0
51546,0
51547,0
51549,0
51550,1
51551,1
51553,0
51554,0
51556,1
51557,0
51559,0
51560,1
51561,0
51562,1
51564,0
51566,0
51567,0
51568,0
51570,0
51571,0
51572,0
51573,0
51576,0
51578,0
51579,0
51580,1
51581,0
51582,1
51584,0
51585,1
51587,0
51588,0
51589,0
51591,0
51592,0
51593,0
51594,0
51595,0
51598,0
51599,0
51600,0
51601,0
51602,0
51604,0
51605,1
51606,0
51607,0
51609,0
51610,1
51611,0
51612,0
51613,0
51614,0
51615,0
51617,1
51618,0
51619,0
51622,0
51623,0
51626,0
51627,0
51628,0
51629,0
51630,0
51631,0
51633,0
51635,0
51637,0
51639,1
51640,0
51641,0
51642,1
51643,0
51644,0
51647,0
51648,0
51649,0
51650,0
51651,0
51653,0
51656,0
51657,0
51658,0
51659,0
51661,0
51662,0
51663,1
51665,0
51666,0
51667,0
51668,0
51669,1
51670,0
51671,0
51672,0
51673,1
51675,0
51677,0
51678,0
51679,0
51681,0
51682,1
51684,0
51685,0
51686,0
51687,0
51688,0
51689,0
51690,0
51691,0
51694,0
51695,0
51697,0
51698,0
51700,0
51701,0
51702,0
51703,1
51705,0
51707,0
51708,0
51709,1
51710,0
51711,0
51712,1
51713,0
51717,0
51718,0
51720,0
51721,0
51722,0
51723,0
51724,1
51725,0
51727,0
51729,0
51730,0
51731,1
51732,0
51734,0
51737,0
51738,0
51739,0
51740,0
51741,0
51744,0
51745,0
51747,0
51749,0
51751,1
51752,0
51753,0
51754,0
51756,0
51757,0
51758,0
51759,0
51760,1
51762,0
51763,0
51764,0
51765,0
51766,0
51767,1
51768,1
51769,0
51770,0
51771,0
51772,0
51773,0
51777,0
51778,0
51780,0
51781,1
51782,1
51784,0
51785,1
51787,0
51788,0
51790,0
51791,0
51792,0
51793,0
51795,0
51796,0
51797,0
51798,0
51800,0
51801,0
51802,0
51804,0
51806,0
51807,0
51808,0
51809,1
51810,0
51811,0
51812,0
51813,0
51815,1
51816,0
51817,0
51819,0
51820,0
51821,0
51822,0
51823,0
51824,0
51825,1
51826,1
51827,0
51830,0
51831,0
51832,0
51833,0
51834,0
51836,0
51837,0
51838,0
51841,1
51842,0
51843,0
51844,0
51845,0
51848,0
51849,0
51853,0
51854,0
51855,0
51857,0
51858,0
51859,1
51860,1
51861,0
51863,0
51864,0
51865,0
51866,0
51867,0
51868,0
51869,0
51872,0
51873,0
51874,1
51875,0
51876,0
51878,0
51879,0
51881,0
51882,0
51883,0
51884,0
51885,0
51887,0
51890,0
51893,1
51895,0
51897,0
51898,0
51901,0
51902,0
51903,0
51904,0
51905,0
51908,1
51909,0
51911,0
51912,1
51913,0
51914,1
51916,0
51917,0
51918,0
51923,0
51924,0
51926,0
51927,0
51928,0
51930,0
51931,1
51932,0
51933,0
51934,0
51935,1
51936,0
51938,0
51939,0
51940,0
51941,1
51942,0
51943,0
51945,0
51946,0
51948,0
51952,0
51953,1
51955,0
51956,0
51958,0
51959,0
51960,1
51961,0
51962,0
51964,0
51966,0
51968,0
51969,0
51970,0
51972,0
51973,0
51975,0
51977,0
51978,0
51979,0
51980,0
51981,0
51982,1
51984,0
51986,0
51987,0
51988,0
51989,0
51990,0
51993,0
51994,0
51995,0
51996,0
51997,0
52000,0
52002,1
52003,0
52004,0
52005,0
52006,1
52008,1
52010,0
52011,0
52012,1
52013,1
52014,0
52016,0
52019,0
52021,0
52022,0
52023,0
52024,0
52025,0
52026,0
52028,0
52030,0
52031,0
52033,0
52034,1
52039,1
52040,0
52041,1
52046,1
52047,0
52048,0
52049,0
52050,0
52051,0
52053,0
52054,0
52058,0
52059,0
52060,0
52061,0
52064,0
52065,0
52066,1
52067,0
52068,0
52069,0
52070,0
52072,0
52073,0
52074,0
52075,0
52076,0
52077,1
52080,0
52085,0
52086,0
52087,0
52089,0
52090,1
52091,0
52092,0
52093,0
52094,1
52096,0
52097,0
52098,1
52100,0
52102,0
52109,0
52112,0
52117,0
52118,0
52119,0
52121,0
52123,1
52125,1
52126,1
52127,0
52129,0
52132,0
52133,0
52135,1
52136,0
52137,1
52139,0
52140,0
52141,0
52142,1
52144,1
52146,1
52147,1
52149,0
52151,0
52152,0
52153,0
52154,0
52156,0
52158,0
52159,1
52160,0
52162,0
52163,0
52164,0
52165,0
52166,0
52167,0
52170,0
52171,0
52172,0
52173,0
52174,1
52176,0
52177,1
52178,0
52179,0
52180,0
52182,1
52183,0
52184,1
52186,0
52188,1
52190,0
52191,0
52192,0
52193,0
52194,0
52195,1
52196,0
52197,0
52198,0
52200,0
52201,0
52202,0
52205,0
52206,1
52207,0
52209,0
52210,1
52212,0
52213,0
52214,0
52215,0
52216,0
52217,1
52218,0
52219,0
52220,0
52224,0
52225,0
52226,0
52228,0
52229,0
52231,0
52232,0
52233,0
52235,0
52236,0
52237,0
52239,0
52241,0
52242,0
52243,0
52244,0
52245,0
52246,0
52249,0
52252,0
52253,0
52255,0
52257,1
52258,0
52260,0
52261,1
52262,0
52264,0
52265,0
52266,0
52268,0
52269,0
52270,0
52271,0
52274,1
52275,0
52276,0
52278,1
52279,0
52280,0
52281,0
52285,1
52287,0
52288,0
52289,0
52291,0
52293,1
52294,0
52295,0
52296,0
52298,1
52299,1
52300,0
52302,0
52304,0
52306,0
52310,0
52312,1
52314,0
52315,0
52317,0
52318,0
52319,0
52320,0
52321,1
52322,0
52324,0
52325,0
52326,1
52327,1
52329,0
52330,0
52332,0
52334,0
52335,0
52337,0
52339,0
52340,0
52341,0
52342,0
52344,0
52345,0
52346,0
52347,0
52350,0
52352,1
52353,1
52354,0
52356,0
52357,0
52358,1
52361,0
52363,0
52364,0
52365,0
52366,0
52367,1
52368,0
52369,0
52370,0
52371,0
52372,0
52373,0
52374,0
52375,0
52376,0
52377,1
52379,1
52380,0
52381,0
52382,1
52383,0
52384,0
52385,1
52386,0
52387,0
52388,0
52390,0
52393,0
52395,0
52397,0
52399,0
52402,1
52403,1
52405,0
52407,0
52408,0
52411,0
52413,0
52414,1
52415,0
52418,0
52419,0
52420,0
52422,0
52423,1
52424,0
52425,0
52427,0
52430,0
52433,0
52434,0
52435,0
52436,0
52437,0
52439,0
52440,0
52441,0
52444,0
52445,0
52448,0
52449,0
52454,0
52455,0
52458,1
52459,0
52460,0
52462,0
52463,0
52465,0
52466,0
52467,0
52469,0
52472,0
52473,0
52474,0
52476,0
52477,0
52481,0
52483,0
52484,0
52487,0
52488,0
52489,0
52490,0
52493,0
52496,0
52497,0
52498,0
52499,1
52502,0
52503,0
52506,0
52507,0
52508,1
52509,0
52511,0
52512,0
52513,1
52523,0
52525,0
52527,0
52528,0
52529,0
52532,1
52533,0
52536,0
52538,0
52539,0
52541,0
52546,0
52550,1
52551,1
52552,0
52554,0
52556,0
52557,0
52558,0
52559,1
52560,0
52562,0
52564,0
52567,0
52570,0
52573,0
52578,0
52582,1
52584,0
52585,0
52586,0
52587,0
52588,0
52591,0
52593,0
52594,0
52597,0
52599,0
52601,1
52603,1
52612,0
52614,0
52615,0
52616,0
52617,1
52618,0
52622,0
52623,0
52624,0
52625,1
52626,0
52627,1
52628,0
52629,0
52631,0
52632,0
52634,0
52635,0
52639,0
52640,0
52641,0
52644,1
52645,0
52646,0
52647,0
52648,0
52649,0
52650,0
52653,0
52656,0
52659,1
52661,0
52662,0
52665,0
52666,0
52667,0
52668,0
52669,0
52673,0
52676,0
52680,0
52682,0
52686,0
52691,0
52694,0
52695,0
52702,0
52704,0
52706,0
52708,0
52710,0
52711,1
52713,0
52715,1
52718,0
52722,0
52724,0
52726,0
52728,0
52732,0
52733,0
52736,1
52737,0
52739,0
52740,0
52742,1
52743,0
52746,0
52748,0
52750,0
52755,0
52760,0
52761,0
52762,0
52763,0
52765,0
52767,0
52768,0
52771,0
52772,0
52773,0
52774,0
52775,0
52776,0
52777,0
52778,0
52780,0
52781,0
52783,0
52785,0
52786,0
52787,0
52794,0
52795,0
52798,1
52800,0
52803,0
52804,0
52805,0
52807,1
52809,0
52810,0
52812,0
52813,0
52815,0
52816,1
52817,1
52818,1
52820,1
52821,1
52823,1
52824,1
52825,1
52826,1
52827,1
52828,1
52829,1
52830,1
52831,1
52832,1
52834,1
52835,1
52836,1
52838,1
52839,1
52840,1
52841,1
52842,0
52843,0
52844,0
52845,0
52846,0
52847,0
52848,0
52849,0
52850,0
52851,0
52852,0
52853,0
52854,0
52855,0
52856,0
52857,0
52858,0
52859,0
52860,0
52861,0
52862,1
52863,0
52864,0
52865,0
52866,0
52867,0
52869,0
52871,0
52874,0
52875,0
52877,0
52878,0
52879,0
52880,0
52881,0
52884,0
52885,0
52886,0
52888,0
52889,0
52890,0
52892,0
52893,0
52894,0
52897,0
52898,0
52899,0
52900,0
52901,1
52902,0
52903,0
52904,0
52905,1
52906,0
52907,1
52908,1
52909,0
52910,0
52911,0
52912,0
52913,0
52914,0
52915,0
52916,0
52917,0
52918,0
52919,0
52921,0
52922,0
52923,0
52924,0
52925,1
52926,0
52927,1
52928,0
52929,0
52930,1
52931,0
52933,0
52935,0
52936,0
52937,0
52941,1
52943,0
52944,0
52945,0
52946,0
52948,0
52950,1
52951,0
52952,0
52953,0
52954,0
52956,0
52957,0
52959,0
52960,0
52962,1
52963,0
52964,0
52966,0
52967,0
52968,0
52970,0
52971,0
52972,0
52973,0
52974,0
52975,0
52976,0
52977,1
52978,0
52979,1
52980,0
52981,0
52982,0
52983,0
52986,0
52987,1
52989,0
52990,0
52991,0
52992,0
52993,0
52994,0
52995,0
52996,0
52997,0
52998,0
52999,0
53000,0
53001,0
53002,0
53003,0
53005,0
53006,0
53007,0
53008,1
53009,0
53010,0
53011,0
53012,0
53013,0
53014,1
53017,0
53018,1
53020,0
53021,0
53022,0
53023,0
53024,0
53025,0
53026,0
53027,1
53028,0
53029,0
53032,0
53033,0
53034,0
53035,0
53036,0
53037,0
53038,0
53039,0
53040,0
53041,0
53042,0
53043,0
53044,0
53045,0
53046,0
53049,0
53050,0
53051,0
53052,0
53053,0
53054,1
53057,1
53058,0
53060,0
53061,1
53062,0
53064,0
53065,0
53066,0
53067,0
53068,0
53069,1
53071,0
53072,0
53073,1
53074,0
53075,0
53077,0
53078,0
53079,0
53080,0
53081,0
53082,0
53083,0
53084,0
53085,0
53086,0
53089,0
53090,0
53091,0
53093,0
53094,0
53095,0
53096,1
53097,0
53098,0
53099,0
53100,0
53101,0
53102,0
53103,0
53104,0
53106,1
53107,0
53108,0
53109,0
53110,0
53111,0
53112,1
53113,1
53114,0
53115,0
53116,0
53117,0
53119,0
53120,0
53121,0
53122,0
53123,0
53124,0
53125,0
53126,1
53128,0
53131,1
53132,0
53134,1
53135,0
53136,0
53137,0
53138,0
53140,0
53141,0
53142,0
53143,0
53144,1
53145,0
53146,0
53147,0
53148,1
53149,0
53150,0
53151,0
53152,0
53153,0
53154,1
53155,0
53156,0
53157,0
53158,0
53162,0
53164,0
53165,0
53167,0
53169,0
53170,1
53171,1
53173,1
53174,0
53175,0
53176,0
53177,0
53178,0
53179,0
53180,0
53181,0
53182,0
53183,0
53184,0
53185,0
53186,1
53187,0
53188,0
53189,0
53190,0
53191,0
53192,0
53193,0
53194,0
53196,0
53197,0
53198,0
53199,0
53200,0
53201,0
53202,0
53203,0
53204,1
53205,1
53206,0
53207,0
53208,0
53210,0
53211,0
53212,0
53213,0
53216,1
53219,1
53220,0
53221,0
53222,0
53223,0
53224,0
53225,0
53226,0
53227,0
53230,0
53231,1
53232,0
53233,0
53234,0
53236,0
53237,0
53238,1
53239,0
53242,0
53243,0
53244,0
53245,0
53246,0
53247,0
53248,0
53249,0
53250,0
53251,0
53252,0
53253,1
53254,0
53255,0
53256,0
53258,0
53259,1
53260,0
53261,0
53262,0
53263,0
53264,1
53265,0
53266,0
53267,0
53268,0
53270,0
53271,0
53272,0
53273,0
53274,0
53276,1
53277,0
53278,0
53279,0
53280,1
53282,1
53283,0
53287,0
53288,0
53289,1
53290,0
53291,0
53293,0
53294,0
53295,0
53296,0
53298,1
53300,0
53302,0
53303,0
53304,0
53307,0
53308,0
53310,0
53311,0
53312,0
53313,0
53314,0
53315,0
53317,0
53320,0
53323,0
53324,0
53325,0
53326,0
53328,0
53329,0
53330,0
53331,0
53332,0
53333,0
53334,0
53335,0
53336,1
53338,0
53340,0
53341,0
53342,0
53343,0
53345,0
53347,1
53348,0
53349,0
53351,1
53352,0
53353,1
53354,1
53355,0
53356,0
53359,0
53360,1
53361,0
53362,0
53367,0
53368,0
53369,0
53370,0
53371,0
53373,0
53374,1
53375,0
53378,0
53379,1
53380,1
53381,0
53382,0
53383,0
53384,1
53385,0
53386,1
53387,0
53388,0
53389,0
53390,0
53391,1
53392,0
53393,0
53394,0
53395,0
53396,0
53397,1
53398,0
53399,0
53400,1
53401,0
53402,1
53403,0
53404,0
53405,0
53406,0
53407,0
53408,0
53409,0
53410,0
53411,1
53412,0
53413,0
53414,0
53416,1
53417,0
53418,0
53419,0
53420,0
53421,0
53422,1
53423,1
53424,0
53425,0
53426,0
53427,0
53428,0
53429,0
53430,0
53431,0
53434,0
53435,1
53436,0
53439,1
53440,1
53441,0
53442,0
53443,1
53444,0
53445,0
53446,0
53447,0
53448,0
53450,0
53451,0
53452,1
53453,1
53454,0
53455,0
53456,0
53457,0
53458,0
53459,0
53460,0
53462,0
53463,0
53464,0
53465,0
53466,0
53467,1
53468,1
53469,0
53470,1
53471,1
53472,0
53473,0
53474,0
53475,0
53476,0
53477,0
53478,0
53479,0
53480,1
53481,0
53482,1
53484,0
53486,0
53487,1
53489,1
53490,0
53491,1
53492,1
53493,0
53494,0
53495,0
53496,0
53497,0
53499,0
53500,0
53501,0
53502,0
53503,0
53505,0
53506,0
53507,0
53508,0
53509,0
53510,0
53511,0
53512,0
53513,0
53515,0
53516,0
53517,0
53518,0
53520,1
53521,0
53522,1
53524,0
53525,0
53526,0
53527,1
53528,0
53529,1
53530,0
53531,0
53532,0
53534,0
53536,0
53537,0
53539,0
53540,1
53542,0
53543,0
53544,0
53545,0
53546,0
53548,1
53549,0
53551,1
53552,0
53554,0
53556,0
53557,0
53558,0
53560,0
53561,0
53563,0
53564,0
53565,0
53566,0
53567,0
53568,0
53570,0
53571,0
53572,0
53574,0
53575,0
53576,0
53577,0
53578,0
53580,0
53582,0
53583,1
53587,0
53590,0
53591,0
53592,0
53593,0
53594,0
53597,0
53599,0
53600,0
53601,0
53602,1
53603,0
53604,1
53605,0
53607,0
53608,0
53609,0
53611,0
53612,0
53613,0
53614,0
53615,0
53616,0
53617,0
53618,0
53619,1
53620,0
53621,0
53622,0
53623,1
53624,0
53625,0
53626,0
53627,0
53628,0
53630,1
53631,1
53633,0
53634,0
53636,0
53637,1
53638,1
53640,0
53641,0
53643,1
53644,1
53646,0
53647,0
53649,0
53650,0
53651,0
53653,0
53654,0
53655,0
53656,0
53658,0
53659,0
53661,0
53663,0
53664,0
53665,0
53666,1
53667,0
53668,0
53669,0
53671,1
53673,0
53676,1
53677,0
53679,0
53680,0
53681,0
53682,0
53684,0
53685,0
53686,0
53687,0
53688,1
53689,0
53690,0
53691,0
53693,0
53694,0
53695,0
53696,0
53697,1
53698,1
53699,0
53700,0
53702,0
53704,0
53705,0
53706,0
53708,0
53712,1
53713,0
53714,0
53716,0
53717,0
53718,0
53719,0
53720,0
53722,1
53726,0
53727,1
53728,0
53729,0
53730,1
53731,0
53732,0
53733,0
53734,0
53735,0
53736,0
53737,0
53738,0
53739,0
53740,0
53742,0
53743,0
53744,0
53745,0
53746,0
53747,1
53748,1
53749,1
53751,1
53754,0
53755,0
53758,0
53759,1
53760,0
53761,0
53762,0
53763,0
53764,0
53765,0
53766,0
53767,0
53768,1
53769,0
53770,0
53771,0
53773,0
53774,1
53775,0
53776,1
53777,0
53778,0
53779,0
53780,0
53781,0
53783,0
53784,0
53785,0
53786,0
53788,0
53789,0
53791,0
53792,0
53793,0
53795,0
53796,0
53797,1
53799,0
53800,0
53801,1
53802,1
53805,0
53806,0
53807,0
53808,0
53810,0
53811,0
53812,0
53814,0
53815,0
53817,0
53818,0
53819,0
53822,0
53824,0
53825,0
53826,0
53827,1
53828,0
53830,0
53831,0
53832,0
53833,0
53834,0
53836,0
53837,0
53838,0
53839,0
53840,0
53842,0
53843,0
53844,1
53845,0
53846,0
53847,0
53849,0
53850,0
53853,1
53855,0
53856,0
53857,0
53858,1
53859,0
53860,0
53862,1
53863,0
53864,0
53865,0
53866,0
53867,0
53868,0
53869,0
53872,0
53873,0
53874,0
53875,0
53876,0
53877,1
53880,0
53881,0
53882,0
53883,0
53884,0
53885,0
53886,0
53887,0
53888,0
53890,0
53892,1
53893,0
53894,0
53895,1
53896,1
53897,0
53899,0
53900,0
53902,0
53903,0
53904,1
53907,0
53908,0
53910,0
53911,0
53912,0
53913,1
53914,1
53915,0
53916,0
53917,0
53918,0
53922,0
53923,0
53924,0
53925,0
53926,0
53927,1
53928,1
53929,0
53930,0
53931,0
53932,0
53934,0
53935,0
53936,0
53937,1
53938,0
53939,0
53941,0
53942,0
53943,0
53944,0
53945,0
53946,1
53948,1
53949,0
53950,0
53951,0
53952,0
53953,1
53954,0
53955,0
53956,0
53957,0
53958,0
53961,0
53962,1
53963,0
53964,1
53965,0
53966,0
53967,0
53968,0
53969,0
53970,1
53972,1
53974,0
53976,0
53977,0
53978,0
53979,0
53981,1
53982,1
53985,0
53986,0
53989,1
53991,0
53992,0
53993,0
53994,0
53995,0
53996,0
53998,0
53999,0
54000,0
54001,0
54002,0
54003,1
54004,1
54005,0
54007,0
54008,0
54010,0
54012,0
54013,0
54014,0
54016,0
54017,1
54018,0
54020,0
54021,0
54022,0
54023,1
54024,1
54025,0
54027,0
54028,0
54029,1
54030,1
54031,0
54033,0
54035,0
54036,0
54037,0
54038,0
54039,0
54040,0
54041,0
54043,0
54044,1
54045,1
54047,0
54048,0
54049,0
54051,0
54052,0
54053,0
54054,0
54055,0
54056,1
54057,0
54058,0
54059,0
54060,1
54061,0
54062,0
54063,0
54065,0
54066,1
54067,0
54068,0
54070,1
54072,0
54073,0
54074,0
54078,0
54079,0
54080,0
54081,1
54082,0
54084,0
54085,0
54086,1
54087,1
54088,0
54089,0
54091,0
54092,0
54093,0
54094,0
54095,0
54096,0
54097,0
54098,0
54099,0
54100,0
54101,0
54102,0
54105,0
54106,0
54107,0
54109,0
54110,0
54111,0
54112,0
54113,0
54114,0
54115,0
54118,0
54119,0
54120,0
54121,0
54122,0
54125,0
54126,0
54127,0
54128,0
54129,1
54130,0
54132,0
54133,1
54134,0
54135,1
54136,0
54137,0
54139,0
54140,0
54141,0
54142,0
54143,1
54144,0
54145,0
54146,0
54147,0
54148,0
54149,0
54150,0
54151,0
54152,1
54153,0
54155,0
54156,0
54158,0
54159,0
54162,0
54164,0
54165,0
54166,0
54167,0
54168,0
54169,0
54170,0
54171,0
54172,0
54173,0
54176,0
54178,0
54179,0
54180,0
54181,0
54183,0
54185,1
54188,0
54189,0
54190,0
54192,0
54194,1
54195,1
54196,0
54197,1
54199,0
54200,0
54201,0
54203,1
54204,0
54205,0
54206,1
54207,0
54208,0
54209,0
54212,1
54213,0
54214,0
54215,0
54216,0
54217,0
54219,0
54220,0
54221,0
54222,0
54224,0
54225,0
54226,0
54227,0
54228,0
54229,0
54231,0
54232,0
54233,0
54234,0
54235,0
54237,0
54238,0
54239,0
54240,0
54241,0
54242,0
54243,0
54244,0
54245,0
54247,0
54249,0
54250,1
54252,0
54253,0
54256,0
54258,0
54259,0
54260,0
54261,1
54263,1
54264,0
54265,0
54266,0
54267,0
54268,1
54271,0
54273,0
54274,0
54275,0
54276,0
54277,0
54278,0
54284,0
54285,1
54287,1
54288,1
54289,0
54290,0
54292,0
54293,1
54294,0
54295,0
54296,0
54298,0
54299,0
54300,0
54302,0
54303,0
54304,0
54305,0
54308,0
54309,0
54310,0
54311,0
54313,0
54315,0
54316,0
54317,0
54320,0
54322,0
54323,0
54326,0
54327,0
54328,0
54329,0
54331,0
54333,0
54334,0
54336,0
54337,0
54338,1
54340,0
54341,0
54342,0
54345,0
54346,0
54348,0
54349,0
54351,0
54352,0
54354,0
54355,0
54356,0
54357,0
54360,0
54362,0
54364,0
54365,1
54366,1
54367,0
54368,0
54369,0
54371,1
54372,0
54375,1
54376,0
54377,1
54379,0
54382,0
54383,0
54385,0
54386,0
54387,0
54388,0
54390,1
54391,0
54392,0
54393,0
54394,0
54395,1
54396,0
54398,0
54399,0
54400,1
54401,0
54403,0
54404,0
54405,0
54407,0
54408,0
54409,0
54411,1
54413,0
54414,0
54415,0
54417,0
54418,0
54419,0
54420,1
54421,0
54422,0
54424,0
54425,1
54426,0
54427,0
54428,0
54429,0
54431,0
54433,0
54434,0
54437,0
54438,0
54439,0
54445,0
54446,0
54448,0
54450,0
54452,0
54454,1
54455,0
54457,1
54458,0
54463,0
54464,0
54466,0
54467,0
54471,0
54472,0
54473,0
54474,0
54475,0
54476,0
54478,1
54480,0
54483,0
54485,0
54486,0
54487,0
54488,1
54489,0
54491,0
54492,0
54493,0
54494,0
54495,0
54497,1
54498,0
54499,0
54500,0
54501,0
54503,0
54504,0
54505,0
54506,0
54508,0
54509,0
54512,0
54513,0
54514,0
54515,0
54516,0
54517,0
54519,0
54521,0
54522,0
54523,0
54524,1
54526,0
54527,1
54528,0
54529,1
54530,0
54532,0
54533,0
54535,0
54536,0
54537,0
54538,0
54539,1
54540,0
54542,0
54545,0
54546,1
54547,0
54549,0
54552,0
54553,0
54554,0
54555,0
54556,0
54557,0
54558,0
54559,0
54560,0
54562,0
54564,0
54566,1
54567,0
54568,0
54569,0
54571,0
54573,0
54574,0
54575,1
54576,1
54577,0
54580,0
54581,0
54582,1
54583,1
54584,0
54585,0
54586,0
54587,0
54588,0
54589,0
54592,0
54593,0
54594,0
54595,0
54596,1
54599,0
54600,1
54602,0
54605,0
54606,0
54607,0
54608,0
54610,0
54611,0
54612,0
54615,0
54616,0
54617,0
54619,0
54622,0
54623,0
54624,1
54625,0
54630,1
54631,0
54632,0
54633,0
54635,0
54637,0
54638,0
54639,0
54640,1
54642,0
54644,0
54646,0
54647,0
54648,0
54649,0
54650,0
54651,0
54652,0
54653,0
54656,1
54657,0
54658,0
54659,0
54660,0
54661,0
54663,0
54665,1
54667,0
54669,0
54670,0
54671,0
54673,0
54674,1
54675,1
54676,0
54677,0
54678,0
54679,0
54680,0
54681,0
54682,0
54683,0
54687,0
54689,1
54690,0
54691,0
54692,0
54693,0
54694,0
54695,0
54696,0
54697,0
54698,0
54699,0
54700,0
54702,0
54706,0
54709,0
54711,0
54712,0
54716,0
54717,0
54718,0
54719,0
54720,0
54722,0
54723,1
54724,0
54725,0
54726,0
54728,0
54729,1
54731,0
54732,0
54733,0
54734,1
54735,0
54737,0
54738,0
54739,0
54742,0
54743,0
54744,0
54749,0
54750,1
54753,0
54754,0
54755,0
54756,1
54757,0
54759,1
54761,0
54762,0
54763,0
54765,0
54767,0
54768,1
54769,1
54770,0
54771,0
54773,0
54775,1
54776,0
54779,0
54781,0
54783,0
54784,0
54785,0
54786,0
54787,0
54788,0
54790,0
54791,0
54792,0
54794,0
54795,0
54797,1
54800,0
54801,0
54802,0
54803,0
54804,0
54805,0
54806,1
54807,0
54808,0
54809,0
54810,0
54811,0
54815,0
54817,1
54818,0
54819,0
54820,0
54821,1
54823,1
54824,1
54825,0
54826,0
54827,1
54828,1
54829,0
54830,1
54831,0
54833,0
54834,0
54836,0
54837,0
54839,0
54840,0
54842,0
54843,0
54845,0
54848,0
54849,1
54851,0
54853,0
54854,1
54855,0
54856,1
54858,0
54859,0
54860,0
54861,1
54863,0
54864,0
54865,0
54866,0
54868,0
54869,0
54870,1
54873,0
54874,0
54875,0
54876,0
54877,0
54880,0
54881,1
54884,0
54888,0
54890,0
54891,0
54892,1
54894,0
54895,0
54899,0
54900,0
54902,0
54904,0
54905,1
54906,0
54907,0
54909,1
54910,1
54911,0
54912,0
54913,1
54915,0
54916,0
54919,0
54925,0
54926,0
54929,0
54931,0
54932,0
54933,0
54934,0
54935,0
54936,0
54937,1
54938,1
54941,1
54942,0
54943,0
54944,0
54945,0
54946,0
54947,0
54948,0
54949,0
54950,1
54951,0
54952,1
54953,1
54954,0
54955,0
54956,0
54957,1
54959,1
54960,0
54962,1
54963,0
54964,0
54965,0
54966,0
54968,0
54969,0
54973,0
54974,1
54975,0
54976,0
54978,0
54979,0
54980,0
54981,0
54984,0
54985,0
54986,0
54988,0
54989,1
54990,1
54991,0
54992,1
54994,0
54997,1
54998,0
55001,0
55002,0
55003,1
55004,0
55005,0
55006,0
55007,0
55008,0
55009,0
55010,1
55011,0
55012,0
55013,0
55015,0
55016,0
55017,0
55019,0
55024,0
55025,1
55027,0
55028,0
55029,0
55030,0
55031,0
55033,0
55034,0
55035,0
55036,0
55037,0
55038,0
55039,0
55040,0
55041,0
55043,0
55044,0
55046,0
55047,0
55048,0
55050,0
55051,0
55052,0
55053,1
55054,0
55055,0
55057,0
55058,0
55059,0
55060,0
55064,0
55065,0
55066,0
55067,0
55069,0
55070,0
55071,0
55072,1
55073,0
55075,0
55077,0
55079,0
55081,0
55083,0
55084,0
55085,0
55086,0
55087,0
55089,1
55090,0
55091,0
55092,0
55093,1
55094,0
55095,0
55096,0
55099,0
55100,1
55102,0
55103,0
55104,0
55108,1
55109,0
55110,0
55111,0
55113,1
55114,1
55115,0
55116,0
55117,0
55119,0
55120,0
55121,0
55126,0
55127,1
55128,0
55129,0
55131,0
55133,0
55134,0
55135,0
55137,0
55139,0
55140,0
55141,1
55142,1
55144,0
55145,0
55146,1
55147,0
55148,0
55150,0
55151,0
55152,0
55153,0
55154,0
55155,0
55157,0
55158,1
55160,0
55161,0
55162,0
55163,0
55165,0
55167,1
55168,1
55169,0
55170,0
55171,0
55172,0
55176,0
55178,0
55179,0
55180,0
55181,0
55182,1
55183,0
55185,0
55186,0
55187,0
55188,0
55189,0
55190,0
55191,0
55194,1
55195,0
55196,0
55197,1
55198,0
55199,0
55200,1
55210,0
55211,0
55212,0
55214,0
55217,1
55218,1
55223,0
55225,0
55226,0
55227,0
55228,0
55229,1
55230,0
55232,0
55233,0
55234,0
55235,0
55236,0
55240,0
55241,0
55242,0
55245,0
55246,1
55248,0
55249,0
55251,0
55252,0
55254,0
55255,0
55256,0
55259,0
55260,0
55263,0
55264,0
55265,0
55267,1
55269,0
55270,0
55273,1
55274,0
55275,0
55278,0
55280,0
55281,0
55284,0
55285,0
55287,0
55288,0
55289,0
55291,0
55292,0
55296,0
55301,0
55302,0
55303,0
55304,0
55308,0
55311,0
55312,0
55314,1
55317,0
55318,0
55322,0
55323,1
55326,0
55328,1
55329,0
55335,0
55338,0
55340,0
55343,0
55344,0
55345,0
55346,0
55347,1
55348,0
55351,0
55353,0
55354,0
55356,0
55361,0
55365,1
55366,1
55367,0
55369,0
55370,0
55371,0
55373,0
55374,1
55375,0
55377,0
55380,0
55381,0
55382,0
55385,0
55390,0
55397,1
55398,1
55399,0
55400,0
55401,0
55402,0
55403,0
55406,0
55408,0
55409,0
55410,1
55411,0
55412,0
55413,0
55414,0
55416,1
55420,0
55425,0
55430,0
55431,0
55432,1
55435,0
55437,0
55438,0
55439,0
55440,1
55441,0
55442,1
55444,0
55446,0
55447,0
55449,0
55450,0
55455,0
55456,0
55459,1
55460,0
55462,0
55463,0
55464,0
55468,0
55470,0
55476,0
55477,0
55480,0
55481,0
55482,0
55483,0
55485,0
55487,1
55488,0
55489,0
55491,0
55495,0
55497,0
55501,0
55506,0
55509,0
55510,0
55512,0
55513,0
55514,1
55517,0
55518,0
55521,0
55526,1
55528,0
55530,1
55533,0
55535,0
55537,0
55539,0
55543,0
55546,0
55547,0
55548,0
55550,0
55551,1
55552,0
55558,0
55559,0
55563,0
55565,0
55570,0
55573,0
55575,0
55576,0
55577,0
55578,0
55580,0
55581,0
55582,0
55583,0
55584,0
55586,0
55587,0
55588,0
55589,0
55590,0
55591,0
55592,0
55595,0
55596,0
55598,0
55600,0
55601,0
55602,0
55603,1
55604,0
55606,0
55609,0
55613,1
55615,0
55616,0
55617,0
55618,0
55619,0
55622,1
55625,0
55627,0
55628,0
55630,0
