row_index,CustomerID,split
0,50001,train
1,50002,train
2,50003,train
3,50004,train
4,50005,train
5,50006,train
6,50007,train
7,50008,train
8,50009,train
9,50010,train
10,50011,train
11,50012,test
12,50013,train
13,50014,train
14,50015,train
15,50016,train
16,50017,test
17,50018,train
18,50019,test
19,50020,test
20,50021,train
21,50022,test
22,50023,train
23,50024,train
24,50025,test
25,50026,train
26,50027,train
27,50028,test
28,50029,train
29,50030,train
30,50031,test
31,50032,train
32,50033,train
33,50034,train
34,50035,train
35,50036,test
36,50037,train
37,50038,test
38,50039,train
39,50040,train
40,50041,train
41,50042,train
42,50043,test
43,50044,train
44,50045,train
45,50046,test
46,50047,train
47,50048,train
48,50049,train
49,50050,train
50,50051,train
51,50052,train
52,50053,train
53,50054,train
54,50055,train
55,50056,train
56,50057,train
57,50058,test
58,50059,train
59,50060,train
60,50061,train
61,50062,train
62,50063,train
63,50064,test
64,50065,test
65,50066,test
66,50067,train
67,50068,train
68,50069,test
69,50070,train
70,50071,test
71,50072,train
72,50073,train
73,50074,train
74,50075,train
75,50076,train
76,50077,test
77,50078,train
78,50079,train
79,50080,train
80,50081,train
81,50082,train
82,50083,test
83,50084,train
84,50085,train
85,50086,test
86,50087,train
87,50088,train
88,50089,train
89,50090,train
90,50091,train
91,50092,train
92,50093,train
93,50094,train
94,50095,train
95,50096,train
96,50097,train
97,50098,train
98,50099,test
99,50100,train
100,50101,test
101,50102,train
102,50103,train
103,50104,train
104,50105,train
105,50106,train
106,50107,train
107,50108,train
108,50109,train
109,50110,train
110,50111,train
111,50112,train
112,50113,train
113,50114,train
114,50115,train
115,50116,test
116,50117,train
117,50118,train
118,50119,train
119,50120,test
120,50121,train
121,50122,train
122,50123,train
123,50124,train
124,50125,train
125,50126,train
126,50127,train
127,50128,train
128,50129,train
129,50130,train
130,50131,test
131,50132,test
132,50133,train
133,50134,train
134,50135,train
135,50136,train
136,50137,train
137,50138,train
138,50139,train
139,50140,train
140,50141,train
141,50142,test
142,50143,train
143,50144,train
144,50145,train
145,50146,train
146,50147,train
147,50148,test
148,50149,train
149,50150,train
150,50151,train
151,50152,train
152,50153,train
153,50154,train
154,50155,train
155,50156,train
156,50157,train
157,50158,train
158,50159,test
159,50160,train
160,50161,test
161,50162,train
162,50163,train
163,50164,train
164,50165,train
165,50166,test
166,50167,train
167,50168,train
168,50169,train
169,50170,test
170,50171,train
171,50172,train
172,50173,train
173,50174,train
174,50175,train
175,50176,test
176,50177,train
177,50178,train
178,50179,test
179,50180,train
180,50181,train
181,50182,test
182,50183,train
183,50184,train
184,50185,train
185,50186,train
186,50187,train
187,50188,train
188,50189,train
189,50190,train
190,50191,train
191,50192,test
192,50193,train
193,50194,train
194,50195,train
195,50196,test
196,50197,train
197,50198,train
198,50199,test
199,50200,train
200,50201,train
201,50202,train
202,50203,train
203,50204,train
204,50205,test
205,50206,test
206,50207,train
207,50208,train
208,50209,train
209,50210,train
210,50211,train
211,50212,train
212,50213,test
213,50214,test
214,50215,train
215,50216,train
216,50217,train
217,50218,train
218,50219,train
219,50220,train
220,50221,train
221,50222,train
222,50223,train
223,50224,train
224,50225,test
225,50226,train
226,50227,train
227,50228,train
228,50229,train
229,50230,train
230,50231,train
231,50232,train
232,50233,train
233,50234,test
234,50235,train
235,50236,train
236,50237,train
237,50238,train
238,50239,train
239,50240,train
240,50241,test
241,50242,train
242,50243,train
243,50244,train
244,50245,train
245,50246,train
246,50247,test
247,50248,test
248,50249,train
249,50250,train
250,50251,train
251,50252,train
252,50253,train
253,50254,train
254,50255,train
255,50256,test
256,50257,train
257,50258,test
258,50259,train
259,50260,test
260,50261,train
261,50262,train
262,50263,test
263,50264,train
264,50265,train
265,50266,train
266,50267,test
267,50268,train
268,50269,train
269,50270,train
270,50271,train
271,50272,train
272,50273,train
273,50274,train
274,50275,train
275,50276,train
276,50277,test
277,50278,train
278,50279,train
279,50280,train
280,50281,train
281,50282,train
282,50283,train
283,50284,train
284,50285,test
285,50286,train
286,50287,test
287,50288,train
288,50289,train
289,50290,train
290,50291,train
291,50292,train
292,50293,train
293,50294,train
294,50295,train
295,50296,train
296,50297,train
297,50298,test
298,50299,train
299,50300,test
300,50301,train
301,50302,train
302,50303,train
303,50304,train
304,50305,train
305,50306,train
306,50307,test
307,50308,train
308,50309,train
309,50310,train
310,50311,train
311,50312,train
312,50313,test
313,50314,train
314,50315,test
315,50316,test
316,50317,train
317,50318,train
318,50319,train
319,50320,train
320,50321,train
321,50322,train
322,50323,train
323,50324,test
324,50325,train
325,50326,test
326,50327,train
327,50328,train
328,50329,train
329,50330,train
330,50331,train
331,50332,train
332,50333,train
333,50334,train
334,50335,test
335,50336,train
336,50337,test
337,50338,train
338,50339,test
339,50340,train
340,50341,train
341,50342,test
342,50343,train
343,50344,train
344,50345,train
345,50346,train
346,50347,train
347,50348,train
348,50349,train
349,50350,train
350,50351,train
351,50352,train
352,50353,train
353,50354,train
354,50355,train
355,50356,train
356,50357,train
357,50358,train
358,50359,train
359,50360,train
360,50361,train
361,50362,test
362,50363,train
363,50364,train
364,50365,train
365,50366,train
366,50367,train
367,50368,train
368,50369,train
369,50370,train
370,50371,test
371,50372,test
372,50373,train
373,50374,train
374,50375,train
375,50376,train
376,50377,train
377,50378,train
378,50379,train
379,50380,test
380,50381,test
381,50382,train
382,50383,train
383,50384,train
384,50385,train
385,50386,train
386,50387,train
387,50388,train
388,50389,train
389,50390,train
390,50391,train
391,50392,train
392,50393,train
393,50394,train
394,50395,train
395,50396,train
396,50397,train
397,50398,train
398,50399,train
399,50400,train
400,50401,test
401,50402,train
402,50403,train
403,50404,train
404,50405,train
405,50406,train
406,50407,train
407,50408,train
408,50409,train
409,50410,train
410,50411,train
411,50412,train
412,50413,train
413,50414,train
414,50415,train
415,50416,test
416,50417,train
417,50418,train
418,50419,train
419,50420,test
420,50421,train
421,50422,test
422,50423,train
423,50424,train
424,50425,train
425,50426,train
426,50427,train
427,50428,train
428,50429,train
429,50430,train
430,50431,train
431,50432,train
432,50433,train
433,50434,train
434,50435,train
435,50436,train
436,50437,train
437,50438,train
438,50439,train
439,50440,train
440,50441,train
441,50442,train
442,50443,train
443,50444,train
444,50445,test
445,50446,test
446,50447,train
447,50448,train
448,50449,test
449,50450,train
450,50451,train
451,50452,train
452,50453,train
453,50454,train
454,50455,train
455,50456,train
456,50457,train
457,50458,train
458,50459,test
459,50460,train
460,50461,train
461,50462,train
462,50463,test
463,50464,test
464,50465,train
465,50466,train
466,50467,train
467,50468,train
468,50469,train
469,50470,train
470,50471,train
471,50472,train
472,50473,test
473,50474,train
474,50475,train
475,50476,train
476,50477,train
477,50478,train
478,50479,test
479,50480,train
480,50481,train
481,50482,train
482,50483,test
483,50484,train
484,50485,train
485,50486,test
486,50487,train
487,50488,test
488,50489,train
489,50490,test
490,50491,train
491,50492,train
492,50493,test
493,50494,test
494,50495,test
495,50496,train
496,50497,test
497,50498,test
498,50499,train
499,50500,train
500,50501,test
501,50502,test
502,50503,train
503,50504,train
504,50505,train
505,50506,train
506,50507,train
507,50508,train
508,50509,train
509,50510,test
510,50511,train
511,50512,test
512,50513,train
513,50514,train
514,50515,train
515,50516,test
516,50517,train
517,50518,train
518,50519,train
519,50520,train
520,50521,train
521,50522,train
522,50523,train
523,50524,train
524,50525,train
525,50526,train
526,50527,train
527,50528,train
528,50529,train
529,50530,train
530,50531,train
531,50532,test
532,50533,train
533,50534,train
534,50535,train
535,50536,train
536,50537,train
537,50538,train
538,50539,train
539,50540,train
540,50541,train
541,50542,train
542,50543,train
543,50544,train
544,50545,train
545,50546,train
546,50547,train
547,50548,train
548,50549,train
549,50550,train
550,50551,train
551,50552,train
552,50553,train
553,50554,train
554,50555,train
555,50556,train
556,50557,train
557,50558,train
558,50559,train
559,50560,test
560,50561,train
561,50562,train
562,50563,test
563,50564,test
564,50565,train
565,50566,train
566,50567,train
567,50568,train
568,50569,train
569,50570,test
570,50571,train
571,50572,train
572,50573,train
573,50574,train
574,50575,train
575,50576,train
576,50577,train
577,50578,train
578,50579,test
579,50580,train
580,50581,train
581,50582,test
582,50583,test
583,50584,test
584,50585,train
585,50586,train
586,50587,train
587,50588,train
588,50589,train
589,50590,test
590,50591,test
591,50592,train
592,50593,train
593,50594,train
594,50595,train
595,50596,train
596,50597,train
597,50598,train
598,50599,train
599,50600,train
600,50601,train
601,50602,train
602,50603,train
603,50604,train
604,50605,test
605,50606,test
606,50607,test
607,50608,train
608,50609,train
609,50610,train
610,50611,train
611,50612,test
612,50613,train
613,50614,train
614,50615,train
615,50616,test
616,50617,train
617,50618,train
618,50619,test
619,50620,train
620,50621,train
621,50622,train
622,50623,test
623,50624,train
624,50625,train
625,50626,train
626,50627,test
627,50628,train
628,50629,train
629,50630,train
630,50631,train
631,50632,train
632,50633,train
633,50634,test
634,50635,train
635,50636,test
636,50637,test
637,50638,train
638,50639,train
639,50640,train
640,50641,test
641,50642,train
642,50643,test
643,50644,train
644,50645,train
645,50646,train
646,50647,train
647,50648,train
648,50649,train
649,50650,test
650,50651,train
651,50652,test
652,50653,train
653,50654,train
654,50655,test
655,50656,train
656,50657,train
657,50658,train
658,50659,train
659,50660,train
660,50661,train
661,50662,train
662,50663,train
663,50664,train
664,50665,train
665,50666,train
666,50667,train
667,50668,train
668,50669,train
669,50670,test
670,50671,train
671,50672,train
672,50673,test
673,50674,train
674,50675,test
675,50676,train
676,50677,train
677,50678,train
678,50679,train
679,50680,train
680,50681,train
681,50682,train
682,50683,train
683,50684,test
684,50685,train
685,50686,train
686,50687,train
687,50688,test
688,50689,train
689,50690,train
690,50691,train
691,50692,train
692,50693,train
693,50694,train
694,50695,train
695,50696,train
696,50697,train
697,50698,test
698,50699,train
699,50700,train
700,50701,test
701,50702,test
702,50703,train
703,50704,train
704,50705,test
705,50706,train
706,50707,test
707,50708,train
708,50709,train
709,50710,train
710,50711,test
711,50712,train
712,50713,train
713,50714,train
714,50715,train
715,50716,train
716,50717,train
717,50718,train
718,50719,test
719,50720,train
720,50721,train
721,50722,train
722,50723,train
723,50724,train
724,50725,train
725,50726,test
726,50727,train
727,50728,train
728,50729,train
729,50730,train
730,50731,train
731,50732,test
732,50733,train
733,50734,train
734,50735,train
735,50736,train
736,50737,train
737,50738,train
738,50739,train
739,50740,test
740,50741,train
741,50742,train
742,50743,train
743,50744,test
744,50745,train
745,50746,train
746,50747,train
747,50748,train
748,50749,train
749,50750,test
750,50751,train
751,50752,train
752,50753,train
753,50754,train
754,50755,train
755,50756,test
756,50757,train
757,50758,test
758,50759,train
759,50760,train
760,50761,train
761,50762,train
762,50763,train
763,50764,train
764,50765,train
765,50766,test
766,50767,train
767,50768,train
768,50769,train
769,50770,train
770,50771,train
771,50772,train
772,50773,train
773,50774,test
774,50775,train
775,50776,test
776,50777,train
777,50778,test
778,50779,train
779,50780,train
780,50781,train
781,50782,train
782,50783,train
783,50784,test
784,50785,train
785,50786,test
786,50787,test
787,50788,train
788,50789,train
789,50790,train
790,50791,train
791,50792,train
792,50793,test
793,50794,test
794,50795,test
795,50796,train
796,50797,train
797,50798,train
798,50799,train
799,50800,test
800,50801,train
801,50802,train
802,50803,train
803,50804,test
804,50805,train
805,50806,train
806,50807,test
807,50808,train
808,50809,train
809,50810,train
810,50811,train
811,50812,test
812,50813,train
813,50814,test
814,50815,train
815,50816,train
816,50817,test
817,50818,train
818,50819,train
819,50820,train
820,50821,test
821,50822,train
822,50823,train
823,50824,train
824,50825,train
825,50826,train
826,50827,test
827,50828,train
828,50829,train
829,50830,train
830,50831,train
831,50832,train
832,50833,train
833,50834,train
834,50835,train
835,50836,train
836,50837,test
837,50838,train
838,50839,train
839,50840,train
840,50841,train
841,50842,train
842,50843,train
843,50844,test
844,50845,train
845,50846,train
846,50847,test
847,50848,train
848,50849,train
849,50850,train
850,50851,train
851,50852,test
852,50853,train
853,50854,train
854,50855,train
855,50856,train
856,50857,train
857,50858,train
858,50859,train
859,50860,train
860,50861,test
861,50862,train
862,50863,train
863,50864,train
864,50865,test
865,50866,test
866,50867,train
867,50868,train
868,50869,train
869,50870,test
870,50871,train
871,50872,train
872,50873,train
873,50874,train
874,50875,train
875,50876,test
876,50877,test
877,50878,train
878,50879,train
879,50880,train
880,50881,test
881,50882,test
882,50883,train
883,50884,train
884,50885,train
885,50886,train
886,50887,test
887,50888,train
888,50889,train
889,50890,train
890,50891,train
891,50892,train
892,50893,train
893,50894,train
894,50895,train
895,50896,train
896,50897,train
897,50898,train
898,50899,train
899,50900,train
900,50901,test
901,50902,train
902,50903,train
903,50904,train
904,50905,test
905,50906,train
906,50907,train
907,50908,train
908,50909,train
909,50910,train
910,50911,train
911,50912,train
912,50913,train
913,50914,train
914,50915,train
915,50916,train
916,50917,test
917,50918,test
918,50919,train
919,50920,train
920,50921,train
921,50922,train
922,50923,train
923,50924,train
924,50925,train
925,50926,train
926,50927,train
927,50928,test
928,50929,train
929,50930,train
930,50931,test
931,50932,train
932,50933,test
933,50934,train
934,50935,train
935,50936,train
936,50937,train
937,50938,train
938,50939,train
939,50940,train
940,50941,train
941,50942,train
942,50943,train
943,50944,train
944,50945,train
945,50946,train
946,50947,train
947,50948,train
948,50949,test
949,50950,train
950,50951,train
951,50952,test
952,50953,train
953,50954,train
954,50955,train
955,50956,train
956,50957,test
957,50958,train
958,50959,train
959,50960,test
960,50961,train
961,50962,train
962,50963,train
963,50964,train
964,50965,train
965,50966,train
966,50967,train
967,50968,train
968,50969,train
969,50970,test
970,50971,train
971,50972,train
972,50973,train
973,50974,train
974,50975,train
975,50976,train
976,50977,train
977,50978,train
978,50979,train
979,50980,train
980,50981,train
981,50982,train
982,50983,train
983,50984,test
984,50985,train
985,50986,train
986,50987,train
987,50988,train
988,50989,train
989,50990,train
990,50991,train
991,50992,train
992,50993,train
993,50994,test
994,50995,train
995,50996,train
996,50997,train
997,50998,train
998,50999,train
999,51000,train
1000,51001,train
1001,51002,train
1002,51003,train
1003,51004,test
1004,51005,test
1005,51006,train
1006,51007,train
1007,51008,train
1008,51009,train
1009,51010,train
1010,51011,train
1011,51012,train
1012,51013,train
1013,51014,test
1014,51015,train
1015,51016,test
1016,51017,train
1017,51018,train
1018,51019,test
1019,51020,train
1020,51021,test
1021,51022,train
1022,51023,train
1023,51024,test
1024,51025,train
1025,51026,test
1026,51027,train
1027,51028,test
1028,51029,train
1029,51030,train
1030,51031,train
1031,51032,train
1032,51033,train
1033,51034,train
1034,51035,train
1035,51036,train
1036,51037,train
1037,51038,train
1038,51039,train
1039,51040,train
1040,51041,train
1041,51042,train
1042,51043,test
1043,51044,test
1044,51045,test
1045,51046,test
1046,51047,train
1047,51048,test
1048,51049,test
1049,51050,train
1050,51051,train
1051,51052,train
1052,51053,train
1053,51054,train
1054,51055,test
1055,51056,train
1056,51057,train
1057,51058,test
1058,51059,train
1059,51060,train
1060,51061,train
1061,51062,train
1062,51063,train
1063,51064,test
1064,51065,train
1065,51066,test
1066,51067,train
1067,51068,test
1068,51069,train
1069,51070,train
1070,51071,train
1071,51072,test
1072,51073,test
1073,51074,test
1074,51075,train
1075,51076,test
1076,51077,train
1077,51078,train
1078,51079,train
1079,51080,test
1080,51081,train
1081,51082,train
1082,51083,test
1083,51084,train
1084,51085,train
1085,51086,train
1086,51087,train
1087,51088,train
1088,51089,train
1089,51090,train
1090,51091,train
1091,51092,train
1092,51093,train
1093,51094,test
1094,51095,test
1095,51096,test
1096,51097,train
1097,51098,train
1098,51099,train
1099,51100,train
1100,51101,train
1101,51102,train
1102,51103,train
1103,51104,train
1104,51105,train
1105,51106,train
1106,51107,train
1107,51108,train
1108,51109,train
1109,51110,train
1110,51111,train
1111,51112,test
1112,51113,train
1113,51114,train
1114,51115,train
1115,51116,train
1116,51117,train
1117,51118,train
1118,51119,train
1119,51120,train
1120,51121,train
1121,51122,test
1122,51123,train
1123,51124,train
1124,51125,train
1125,51126,test
1126,51127,train
1127,51128,train
1128,51129,train
1129,51130,test
1130,51131,test
1131,51132,train
1132,51133,train
1133,51134,train
1134,51135,train
1135,51136,test
1136,51137,train
1137,51138,test
1138,51139,train
1139,51140,train
1140,51141,train
1141,51142,test
1142,51143,train
1143,51144,train
1144,51145,train
1145,51146,train
1146,51147,train
1147,51148,train
1148,51149,test
1149,51150,train
1150,51151,train
1151,51152,train
1152,51153,train
1153,51154,train
1154,51155,train
1155,51156,train
1156,51157,train
1157,51158,train
1158,51159,train
1159,51160,train
1160,51161,train
1161,51162,train
1162,51163,train
1163,51164,train
1164,51165,train
1165,51166,train
1166,51167,train
1167,51168,test
1168,51169,test
1169,51170,train
1170,51171,test
1171,51172,test
1172,51173,test
1173,51174,train
1174,51175,train
1175,51176,test
1176,51177,train
1177,51178,train
1178,51179,train
1179,51180,train
1180,51181,train
1181,51182,train
1182,51183,train
1183,51184,test
1184,51185,train
1185,51186,train
1186,51187,train
1187,51188,train
1188,51189,test
1189,51190,test
1190,51191,train
1191,51192,train
1192,51193,train
1193,51194,test
1194,51195,train
1195,51196,test
1196,51197,train
1197,51198,train
1198,51199,test
1199,51200,train
1200,51201,train
1201,51202,test
1202,51203,train
1203,51204,train
1204,51205,train
1205,51206,train
1206,51207,train
1207,51208,train
1208,51209,train
1209,51210,train
1210,51211,train
1211,51212,train
1212,51213,test
1213,51214,train
1214,51215,train
1215,51216,test
1216,51217,train
1217,51218,train
1218,51219,test
1219,51220,test
1220,51221,train
1221,51222,train
1222,51223,train
1223,51224,train
1224,51225,train
1225,51226,train
1226,51227,train
1227,51228,train
1228,51229,train
1229,51230,train
1230,51231,train
1231,51232,train
1232,51233,train
1233,51234,test
1234,51235,train
1235,51236,train
1236,51237,train
1237,51238,test
1238,51239,train
1239,51240,train
1240,51241,train
1241,51242,test
1242,51243,test
1243,51244,train
1244,51245,train
1245,51246,train
1246,51247,train
1247,51248,train
1248,51249,test
1249,51250,train
1250,51251,train
1251,51252,train
1252,51253,train
1253,51254,train
1254,51255,train
1255,51256,train
1256,51257,train
1257,51258,test
1258,51259,train
1259,51260,train
1260,51261,test
1261,51262,train
1262,51263,train
1263,51264,train
1264,51265,test
1265,51266,test
1266,51267,train
1267,51268,train
1268,51269,train
1269,51270,train
1270,51271,train
1271,51272,train
1272,51273,train
1273,51274,train
1274,51275,train
1275,51276,train
1276,51277,train
1277,51278,test
1278,51279,train
1279,51280,train
1280,51281,train
1281,51282,train
1282,51283,train
1283,51284,train
1284,51285,train
1285,51286,train
1286,51287,train
1287,51288,train
1288,51289,train
1289,51290,train
1290,51291,train
1291,51292,test
1292,51293,test
1293,51294,train
1294,51295,test
1295,51296,train
1296,51297,train
1297,51298,test
1298,51299,test
1299,51300,train
1300,51301,train
1301,51302,test
1302,51303,train
1303,51304,train
1304,51305,train
1305,51306,train
1306,51307,train
1307,51308,train
1308,51309,test
1309,51310,test
1310,51311,train
1311,51312,train
1312,51313,train
1313,51314,train
1314,51315,test
1315,51316,test
1316,51317,train
1317,51318,train
1318,51319,train
1319,51320,train
1320,51321,train
1321,51322,train
1322,51323,train
1323,51324,train
1324,51325,train
1325,51326,train
1326,51327,train
1327,51328,train
1328,51329,test
1329,51330,train
1330,51331,train
1331,51332,train
1332,51333,train
1333,51334,train
1334,51335,train
1335,51336,train
1336,51337,train
1337,51338,train
1338,51339,train
1339,51340,train
1340,51341,train
1341,51342,train
1342,51343,train
1343,51344,train
1344,51345,train
1345,51346,train
1346,51347,train
1347,51349,train
1348,51350,train
1349,51351,train
1350,51352,train
1351,51353,train
1352,51354,train
1353,51355,test
1354,51356,train
1355,51357,train
1356,51358,train
1357,51359,test
1358,51361,train
1359,51362,train
1360,51363,test
1361,51364,train
1362,51365,train
1363,51366,train
1364,51367,train
1365,51368,test
1366,51369,train
1367,51370,test
1368,51371,train
1369,51372,train
1370,51373,test
1371,51374,train
1372,51375,train
1373,51376,train
1374,51377,train
1375,51378,train
1376,51379,train
1377,51380,train
1378,51381,train
1379,51382,train
1380,51383,train
1381,51384,train
1382,51385,train
1383,51386,test
1384,51387,test
1385,51388,train
1386,51389,test
1387,51390,train
1388,51391,train
1389,51392,train
1390,51393,train
1391,51394,test
1392,51395,train
1393,51397,train
1394,51398,test
1395,51399,test
1396,51400,train
1397,51401,test
1398,51402,train
1399,51403,train
1400,51404,test
1401,51405,test
1402,51406,test
1403,51407,test
1404,51408,train
1405,51409,test
1406,51410,train
1407,51411,train
1408,51412,train
1409,51413,train
1410,51414,train
1411,51415,test
1412,51416,train
1413,51417,train
1414,51418,test
1415,51419,test
1416,51420,train
1417,51421,train
1418,51422,train
1419,51423,train
1420,51424,test
1421,51425,train
1422,51426,train
1423,51427,train
1424,51428,train
1425,51429,train
1426,51430,train
1427,51431,train
1428,51432,train
1429,51433,train
1430,51434,train
1431,51435,train
1432,51436,test
1433,51437,test
1434,51438,train
1435,51439,train
1436,51440,train
1437,51441,train
1438,51442,train
1439,51443,train
1440,51444,test
1441,51445,train
1442,51446,train
1443,51447,train
1444,51448,train
1445,51449,train
1446,51450,train
1447,51451,train
1448,51452,test
1449,51453,train
1450,51454,train
1451,51455,train
1452,51456,train
1453,51458,train
1454,51459,train
1455,51460,train
1456,51461,train
1457,51462,test
1458,51463,train
1459,51464,train
1460,51465,train
1461,51466,test
1462,51467,train
1463,51468,train
1464,51469,train
1465,51470,train
1466,51471,test
1467,51472,train
1468,51473,train
1469,51474,train
1470,51475,test
1471,51476,test
1472,51477,train
1473,51478,train
1474,51479,test
1475,51480,test
1476,51481,test
1477,51482,test
1478,51483,train
1479,51484,train
1480,51485,train
1481,51487,train
1482,51488,test
1483,51489,train
1484,51490,train
1485,51491,test
1486,51492,train
1487,51493,train
1488,51494,train
1489,51495,train
1490,51496,train
1491,51497,train
1492,51498,train
1493,51500,train
1494,51501,train
1495,51502,train
1496,51503,test
1497,51504,train
1498,51505,test
1499,51506,train
1500,51507,train
1501,51508,test
1502,51509,train
1503,51511,train
1504,51513,train
1505,51514,train
1506,51516,train
1507,51518,train
1508,51519,test
1509,51521,train
1510,51522,test
1511,51523,train
1512,51524,train
1513,51525,train
1514,51526,train
1515,51527,test
1516,51529,train
1517,51530,train
1518,51531,train
1519,51532,train
1520,51533,train
1521,51534,test
1522,51535,train
1523,51536,train
1524,51537,train
1525,51538,train
1526,51539,train
1527,51540,test
1528,51541,train
1529,51542,train
1530,51544,train
1531,51545,train
1532,51546,train
1533,51547,train
1534,51549,train
1535,51550,train
1536,51551,train
1537,51552,test
1538,51553,train
1539,51554,train
1540,51556,train
1541,51557,train
1542,51559,train
1543,51560,train
1544,51561,train
1545,51562,train
1546,51564,train
1547,51565,test
1548,51566,train
1549,51567,train
1550,51568,train
1551,51570,train
1552,51571,train
1553,51572,train
1554,51573,train
1555,51575,test
1556,51576,train
1557,51577,test
1558,51578,train
1559,51579,train
1560,51580,train
1561,51581,train
1562,51582,train
1563,51584,train
1564,51585,train
1565,51586,test
1566,51587,train
1567,51588,train
1568,51589,train
1569,51590,test
1570,51591,train
1571,51592,train
1572,51593,train
1573,51594,train
1574,51595,train
1575,51596,test
1576,51597,test
1577,51598,train
1578,51599,train
1579,51600,train
1580,51601,train
1581,51602,train
1582,51603,test
1583,51604,train
1584,51605,train
1585,51606,train
1586,51607,train
1587,51609,train
1588,51610,train
1589,51611,train
1590,51612,train
1591,51613,train
1592,51614,train
1593,51615,train
1594,51617,train
1595,51618,train
1596,51619,train
1597,51621,test
1598,51622,train
1599,51623,train
1600,51624,test
1601,51626,train
1602,51627,train
1603,51628,train
1604,51629,train
1605,51630,train
1606,51631,train
1607,51633,train
1608,51635,train
1609,51637,train
1610,51639,train
1611,51640,train
1612,51641,train
1613,51642,train
1614,51643,train
1615,51644,train
1616,51647,train
1617,51648,train
1618,51649,train
1619,51650,train
1620,51651,train
1621,51652,test
1622,51653,train
1623,51655,test
1624,51656,train
1625,51657,train
1626,51658,train
1627,51659,train
1628,51660,test
1629,51661,train
1630,51662,train
1631,51663,train
1632,51665,train
1633,51666,train
1634,51667,train
1635,51668,train
1636,51669,train
1637,51670,train
1638,51671,train
1639,51672,train
1640,51673,train
1641,51674,test
1642,51675,train
1643,51676,test
1644,51677,train
1645,51678,train
1646,51679,train
1647,51680,test
1648,51681,train
1649,51682,train
1650,51683,test
1651,51684,train
1652,51685,train
1653,51686,train
1654,51687,train
1655,51688,train
1656,51689,train
1657,51690,train
1658,51691,train
1659,51694,train
1660,51695,train
1661,51697,train
1662,51698,train
1663,51699,test
1664,51700,train
1665,51701,train
1666,51702,train
1667,51703,train
1668,51704,test
1669,51705,train
1670,51706,test
1671,51707,train
1672,51708,train
1673,51709,train
1674,51710,train
1675,51711,train
1676,51712,train
1677,51713,train
1678,51714,test
1679,51715,test
1680,51716,test
1681,51717,train
1682,51718,train
1683,51720,train
1684,51721,train
1685,51722,train
1686,51723,train
1687,51724,train
1688,51725,train
1689,51727,train
1690,51729,train
1691,51730,train
1692,51731,train
1693,51732,train
1694,51734,train
1695,51736,test
1696,51737,train
1697,51738,train
1698,51739,train
1699,51740,train
1700,51741,train
1701,51742,test
1702,51743,test
1703,51744,train
1704,51745,train
1705,51747,train
1706,51749,train
1707,51751,train
1708,51752,train
1709,51753,train
1710,51754,train
1711,51756,train
1712,51757,train
1713,51758,train
1714,51759,train
1715,51760,train
1716,51761,test
1717,51762,train
1718,51763,train
1719,51764,train
1720,51765,train
1721,51766,train
1722,51767,train
1723,51768,train
1724,51769,train
1725,51770,train
1726,51771,train
1727,51772,train
1728,51773,train
1729,51774,test
1730,51775,test
1731,51776,test
1732,51777,train
1733,51778,train
1734,51779,test
1735,51780,train
1736,51781,train
1737,51782,train
1738,51783,test
1739,51784,train
1740,51785,train
1741,51787,train
1742,51788,train
1743,51789,test
1744,51790,train
1745,51791,train
1746,51792,train
1747,51793,train
1748,51795,train
1749,51796,train
1750,51797,train
1751,51798,train
1752,51800,train
1753,51801,train
1754,51802,train
1755,51804,train
1756,51806,train
1757,51807,train
1758,51808,train
1759,51809,train
1760,51810,train
1761,51811,train
1762,51812,train
1763,51813,train
1764,51815,train
1765,51816,train
1766,51817,train
1767,51818,test
1768,51819,train
1769,51820,train
1770,51821,train
1771,51822,train
1772,51823,train
1773,51824,train
1774,51825,train
1775,51826,train
1776,51827,train
1777,51829,test
1778,51830,train
1779,51831,train
1780,51832,train
1781,51833,train
1782,51834,train
1783,51835,test
1784,51836,train
1785,51837,train
1786,51838,train
1787,51841,train
1788,51842,train
1789,51843,train
1790,51844,train
1791,51845,train
1792,51846,test
1793,51848,train
1794,51849,train
1795,51850,test
1796,51851,test
1797,51852,test
1798,51853,train
1799,51854,train
1800,51855,train
1801,51856,test
1802,51857,train
1803,51858,train
1804,51859,train
1805,51860,train
1806,51861,train
1807,51862,test
1808,51863,train
1809,51864,train
1810,51865,train
1811,51866,train
1812,51867,train
1813,51868,train
1814,51869,train
1815,51872,train
1816,51873,train
1817,51874,train
1818,51875,train
1819,51876,train
1820,51877,test
1821,51878,train
1822,51879,train
1823,51880,test
1824,51881,train
1825,51882,train
1826,51883,train
1827,51884,train
1828,51885,train
1829,51887,train
1830,51890,train
1831,51891,test
1832,51892,test
1833,51893,train
1834,51894,test
1835,51895,train
1836,51896,test
1837,51897,train
1838,51898,train
1839,51899,test
1840,51901,train
1841,51902,train
1842,51903,train
1843,51904,train
1844,51905,train
1845,51907,test
1846,51908,train
1847,51909,train
1848,51910,test
1849,51911,train
1850,51912,train
1851,51913,train
1852,51914,train
1853,51916,train
1854,51917,train
1855,51918,train
1856,51919,test
1857,51920,test
1858,51922,test
1859,51923,train
1860,51924,train
1861,51926,train
1862,51927,train
1863,51928,train
1864,51929,test
1865,51930,train
1866,51931,train
1867,51932,train
1868,51933,train
1869,51934,train
1870,51935,train
1871,51936,train
1872,51938,train
1873,51939,train
1874,51940,train
1875,51941,train
1876,51942,train
1877,51943,train
1878,51944,test
1879,51945,train
1880,51946,train
1881,51947,test
1882,51948,train
1883,51950,test
1884,51951,test
1885,51952,train
1886,51953,train
1887,51954,test
1888,51955,train
1889,51956,train
1890,51958,train
1891,51959,train
1892,51960,train
1893,51961,train
1894,51962,train
1895,51964,train
1896,51966,train
1897,51967,test
1898,51968,train
1899,51969,train
1900,51970,train
1901,51971,test
1902,51972,train
1903,51973,train
1904,51975,train
1905,51976,test
1906,51977,train
1907,51978,train
1908,51979,train
1909,51980,train
1910,51981,train
1911,51982,train
1912,51983,test
1913,51984,train
1914,51985,test
1915,51986,train
1916,51987,train
1917,51988,train
1918,51989,train
1919,51990,train
1920,51991,test
1921,51992,test
1922,51993,train
1923,51994,train
1924,51995,train
1925,51996,train
1926,51997,train
1927,52000,train
1928,52002,train
1929,52003,train
1930,52004,train
1931,52005,train
1932,52006,train
1933,52008,train
1934,52009,test
1935,52010,train
1936,52011,train
1937,52012,train
1938,52013,train
1939,52014,train
1940,52015,test
1941,52016,train
1942,52018,test
1943,52019,train
1944,52021,train
1945,52022,train
1946,52023,train
1947,52024,train
1948,52025,train
1949,52026,train
1950,52027,test
1951,52028,train
1952,52029,test
1953,52030,train
1954,52031,train
1955,52033,train
1956,52034,train
1957,52036,test
1958,52038,test
1959,52039,train
1960,52040,train
1961,52041,train
1962,52042,test
1963,52043,test
1964,52044,test
1965,52045,test
1966,52046,train
1967,52047,train
1968,52048,train
1969,52049,train
1970,52050,train
1971,52051,train
1972,52053,train
1973,52054,train
1974,52055,test
1975,52058,train
1976,52059,train
1977,52060,train
1978,52061,train
1979,52062,test
1980,52063,test
1981,52064,train
1982,52065,train
1983,52066,train
1984,52067,train
1985,52068,train
1986,52069,train
1987,52070,train
1988,52072,train
1989,52073,train
1990,52074,train
1991,52075,train
1992,52076,train
1993,52077,train
1994,52079,test
1995,52080,train
1996,52083,test
1997,52084,test
1998,52085,train
1999,52086,train
2000,52087,train
2001,52088,test
2002,52089,train
2003,52090,train
2004,52091,train
2005,52092,train
2006,52093,train
2007,52094,train
2008,52095,test
2009,52096,train
2010,52097,train
2011,52098,train
2012,52100,train
2013,52101,test
2014,52102,train
2015,52103,test
2016,52104,test
2017,52106,test
2018,52108,test
2019,52109,train
2020,52110,test
2021,52111,test
2022,52112,train
2023,52114,test
2024,52115,test
2025,52116,test
2026,52117,train
2027,52118,train
2028,52119,train
2029,52121,train
2030,52122,test
2031,52123,train
2032,52125,train
2033,52126,train
2034,52127,train
2035,52128,test
2036,52129,train
2037,52130,test
2038,52131,test
2039,52132,train
2040,52133,train
2041,52134,test
2042,52135,train
2043,52136,train
2044,52137,train
2045,52138,test
2046,52139,train
2047,52140,train
2048,52141,train
2049,52142,train
2050,52144,train
2051,52145,test
2052,52146,train
2053,52147,train
2054,52148,test
2055,52149,train
2056,52150,test
2057,52151,train
2058,52152,train
2059,52153,train
2060,52154,train
2061,52156,train
2062,52158,train
2063,52159,train
2064,52160,train
2065,52161,test
2066,52162,train
2067,52163,train
2068,52164,train
2069,52165,train
2070,52166,train
2071,52167,train
2072,52169,test
2073,52170,train
2074,52171,train
2075,52172,train
2076,52173,train
2077,52174,train
2078,52175,test
2079,52176,train
2080,52177,train
2081,52178,train
2082,52179,train
2083,52180,train
2084,52182,train
2085,52183,train
2086,52184,train
2087,52186,train
2088,52187,test
2089,52188,train
2090,52189,test
2091,52190,train
2092,52191,train
2093,52192,train
2094,52193,train
2095,52194,train
2096,52195,train
2097,52196,train
2098,52197,train
2099,52198,train
2100,52200,train
2101,52201,train
2102,52202,train
2103,52205,train
2104,52206,train
2105,52207,train
2106,52209,train
2107,52210,train
2108,52212,train
2109,52213,train
2110,52214,train
2111,52215,train
2112,52216,train
2113,52217,train
2114,52218,train
2115,52219,train
2116,52220,train
2117,52221,test
2118,52222,test
2119,52223,test
2120,52224,train
2121,52225,train
2122,52226,train
2123,52228,train
2124,52229,train
2125,52231,train
2126,52232,train
2127,52233,train
2128,52234,test
2129,52235,train
2130,52236,train
2131,52237,train
2132,52238,test
2133,52239,train
2134,52240,test
2135,52241,train
2136,52242,train
2137,52243,train
2138,52244,train
2139,52245,train
2140,52246,train
2141,52249,train
2142,52250,test
2143,52251,test
2144,52252,train
2145,52253,train
2146,52254,test
2147,52255,train
2148,52256,test
2149,52257,train
2150,52258,train
2151,52260,train
2152,52261,train
2153,52262,train
2154,52264,train
2155,52265,train
2156,52266,train
2157,52267,test
2158,52268,train
2159,52269,train
2160,52270,train
2161,52271,train
2162,52272,test
2163,52274,train
2164,52275,train
2165,52276,train
2166,52277,test
2167,52278,train
2168,52279,train
2169,52280,train
2170,52281,train
2171,52284,test
2172,52285,train
2173,52287,train
2174,52288,train
2175,52289,train
2176,52290,test
2177,52291,train
2178,52292,test
2179,52293,train
2180,52294,train
2181,52295,train
2182,52296,train
2183,52298,train
2184,52299,train
2185,52300,train
2186,52301,test
2187,52302,train
2188,52304,train
2189,52305,test
2190,52306,train
2191,52308,test
2192,52310,train
2193,52311,test
2194,52312,train
2195,52313,test
2196,52314,train
2197,52315,train
2198,52316,test
2199,52317,train
2200,52318,train
2201,52319,train
2202,52320,train
2203,52321,train
2204,52322,train
2205,52324,train
2206,52325,train
2207,52326,train
2208,52327,train
2209,52329,train
2210,52330,train
2211,52331,test
2212,52332,train
2213,52333,test
2214,52334,train
2215,52335,train
2216,52336,test
2217,52337,train
2218,52338,test
2219,52339,train
2220,52340,train
2221,52341,train
2222,52342,train
2223,52343,test
2224,52344,train
2225,52345,train
2226,52346,train
2227,52347,train
2228,52348,test
2229,52349,test
2230,52350,train
2231,52352,train
2232,52353,train
2233,52354,train
2234,52355,test
2235,52356,train
2236,52357,train
2237,52358,train
2238,52361,train
2239,52363,train
2240,52364,train
2241,52365,train
2242,52366,train
2243,52367,train
2244,52368,train
2245,52369,train
2246,52370,train
2247,52371,train
2248,52372,train
2249,52373,train
2250,52374,train
2251,52375,train
2252,52376,train
2253,52377,train
2254,52379,train
2255,52380,train
2256,52381,train
2257,52382,train
2258,52383,train
2259,52384,train
2260,52385,train
2261,52386,train
2262,52387,train
2263,52388,train
2264,52390,train
2265,52391,test
2266,52393,train
2267,52395,train
2268,52396,test
2269,52397,train
2270,52399,train
2271,52402,train
2272,52403,train
2273,52404,test
2274,52405,train
2275,52407,train
2276,52408,train
2277,52410,test
2278,52411,train
2279,52412,test
2280,52413,train
2281,52414,train
2282,52415,train
2283,52417,test
2284,52418,train
2285,52419,train
2286,52420,train
2287,52421,test
2288,52422,train
2289,52423,train
2290,52424,train
2291,52425,train
2292,52426,test
2293,52427,train
2294,52430,train
2295,52431,test
2296,52432,test
2297,52433,train
2298,52434,train
2299,52435,train
2300,52436,train
2301,52437,train
2302,52439,train
2303,52440,train
2304,52441,train
2305,52444,train
2306,52445,train
2307,52448,train
2308,52449,train
2309,52450,test
2310,52452,test
2311,52454,train
2312,52455,train
2313,52457,test
2314,52458,train
2315,52459,train
2316,52460,train
2317,52462,train
2318,52463,train
2319,52465,train
2320,52466,train
2321,52467,train
2322,52469,train
2323,52470,test
2324,52471,test
2325,52472,train
2326,52473,train
2327,52474,train
2328,52476,train
2329,52477,train
2330,52481,train
2331,52483,train
2332,52484,train
2333,52487,train
2334,52488,train
2335,52489,train
2336,52490,train
2337,52492,test
2338,52493,train
2339,52494,test
2340,52496,train
2341,52497,train
2342,52498,train
2343,52499,train
2344,52502,train
2345,52503,train
2346,52506,train
2347,52507,train
2348,52508,train
2349,52509,train
2350,52510,test
2351,52511,train
2352,52512,train
2353,52513,train
2354,52514,test
2355,52520,test
2356,52523,train
2357,52525,train
2358,52527,train
2359,52528,train
2360,52529,train
2361,52532,train
2362,52533,train
2363,52536,train
2364,52538,train
2365,52539,train
2366,52540,test
2367,52541,train
2368,52546,train
2369,52550,train
2370,52551,train
2371,52552,train
2372,52554,train
2373,52555,test
2374,52556,train
2375,52557,train
2376,52558,train
2377,52559,train
2378,52560,train
2379,52562,train
2380,52564,train
2381,52565,test
2382,52566,test
2383,52567,train
2384,52569,test
2385,52570,train
2386,52573,train
2387,52575,test
2388,52578,train
2389,52582,train
2390,52583,test
2391,52584,train
2392,52585,train
2393,52586,train
2394,52587,train
2395,52588,train
2396,52591,train
2397,52593,train
2398,52594,train
2399,52595,test
2400,52596,test
2401,52597,train
2402,52598,test
2403,52599,train
2404,52601,train
2405,52603,train
2406,52605,test
2407,52612,train
2408,52614,train
2409,52615,train
2410,52616,train
2411,52617,train
2412,52618,train
2413,52620,test
2414,52622,train
2415,52623,train
2416,52624,train
2417,52625,train
2418,52626,train
2419,52627,train
2420,52628,train
2421,52629,train
2422,52631,train
2423,52632,train
2424,52634,train
2425,52635,train
2426,52639,train
2427,52640,train
2428,52641,train
2429,52644,train
2430,52645,train
2431,52646,train
2432,52647,train
2433,52648,train
2434,52649,train
2435,52650,train
2436,52653,train
2437,52655,test
2438,52656,train
2439,52659,train
2440,52661,train
2441,52662,train
2442,52665,train
2443,52666,train
2444,52667,train
2445,52668,train
2446,52669,train
2447,52670,test
2448,52672,test
2449,52673,train
2450,52674,test
2451,52676,train
2452,52679,test
2453,52680,train
2454,52681,test
2455,52682,train
2456,52686,train
2457,52691,train
2458,52694,train
2459,52695,train
2460,52698,test
2461,52699,test
2462,52702,train
2463,52703,test
2464,52704,train
2465,52706,train
2466,52708,train
2467,52710,train
2468,52711,train
2469,52713,train
2470,52715,train
2471,52718,train
2472,52720,test
2473,52722,train
2474,52724,train
2475,52726,train
2476,52728,train
2477,52730,test
2478,52731,test
2479,52732,train
2480,52733,train
2481,52735,test
2482,52736,train
2483,52737,train
2484,52739,train
2485,52740,train
2486,52742,train
2487,52743,train
2488,52744,test
2489,52746,train
2490,52748,train
2491,52750,train
2492,52753,test
2493,52755,train
2494,52758,test
2495,52760,train
2496,52761,train
2497,52762,train
2498,52763,train
2499,52765,train
2500,52766,test
2501,52767,train
2502,52768,train
2503,52769,test
2504,52771,train
2505,52772,train
2506,52773,train
2507,52774,train
2508,52775,train
2509,52776,train
2510,52777,train
2511,52778,train
2512,52779,test
2513,52780,train
2514,52781,train
2515,52783,train
2516,52785,train
2517,52786,train
2518,52787,train
2519,52788,test
2520,52793,test
2521,52794,train
2522,52795,train
2523,52798,train
2524,52800,train
2525,52802,test
2526,52803,train
2527,52804,train
2528,52805,train
2529,52807,train
2530,52808,test
2531,52809,train
2532,52810,train
2533,52812,train
2534,52813,train
2535,52815,train
2536,52816,train
2537,52817,train
2538,52818,train
2539,52819,test
2540,52820,train
2541,52821,train
2542,52822,test
2543,52823,train
2544,52824,train
2545,52825,train
2546,52826,train
2547,52827,train
2548,52828,train
2549,52829,train
2550,52830,train
2551,52831,train
2552,52832,train
2553,52833,test
2554,52834,train
2555,52835,train
2556,52836,train
2557,52837,test
2558,52838,train
2559,52839,train
2560,52840,train
2561,52841,train
2562,52842,train
2563,52843,train
2564,52844,train
2565,52845,train
2566,52846,train
2567,52847,train
2568,52848,train
2569,52849,train
2570,52850,train
2571,52851,train
2572,52852,train
2573,52853,train
2574,52854,train
2575,52855,train
2576,52856,train
2577,52857,train
2578,52858,train
2579,52859,train
2580,52860,train
2581,52861,train
2582,52862,train
2583,52863,train
2584,52864,train
2585,52865,train
2586,52866,train
2587,52867,train
2588,52868,test
2589,52869,train
2590,52870,test
2591,52871,train
2592,52872,test
2593,52873,test
2594,52874,train
2595,52875,train
2596,52876,test
2597,52877,train
2598,52878,train
2599,52879,train
2600,52880,train
2601,52881,train
2602,52882,test
2603,52883,test
2604,52884,train
2605,52885,train
2606,52886,train
2607,52887,test
2608,52888,train
2609,52889,train
2610,52890,train
2611,52891,test
2612,52892,train
2613,52893,train
2614,52894,train
2615,52895,test
2616,52896,test
2617,52897,train
2618,52898,train
2619,52899,train
2620,52900,train
2621,52901,train
2622,52902,train
2623,52903,train
2624,52904,train
2625,52905,train
2626,52906,train
2627,52907,train
2628,52908,train
2629,52909,train
2630,52910,train
2631,52911,train
2632,52912,train
2633,52913,train
2634,52914,train
2635,52915,train
2636,52916,train
2637,52917,train
2638,52918,train
2639,52919,train
2640,52920,test
2641,52921,train
2642,52922,train
2643,52923,train
2644,52924,train
2645,52925,train
2646,52926,train
2647,52927,train
2648,52928,train
2649,52929,train
2650,52930,train
2651,52931,train
2652,52932,test
2653,52933,train
2654,52934,test
2655,52935,train
2656,52936,train
2657,52937,train
2658,52938,test
2659,52939,test
2660,52940,test
2661,52941,train
2662,52942,test
2663,52943,train
2664,52944,train
2665,52945,train
2666,52946,train
2667,52947,test
2668,52948,train
2669,52949,test
2670,52950,train
2671,52951,train
2672,52952,train
2673,52953,train
2674,52954,train
2675,52955,test
2676,52956,train
2677,52957,train
2678,52958,test
2679,52959,train
2680,52960,train
2681,52961,test
2682,52962,train
2683,52963,train
2684,52964,train
2685,52965,test
2686,52966,train
2687,52967,train
2688,52968,train
2689,52969,test
2690,52970,train
2691,52971,train
2692,52972,train
2693,52973,train
2694,52974,train
2695,52975,train
2696,52976,train
2697,52977,train
2698,52978,train
2699,52979,train
2700,52980,train
2701,52981,train
2702,52982,train
2703,52983,train
2704,52984,test
2705,52985,test
2706,52986,train
2707,52987,train
2708,52988,test
2709,52989,train
2710,52990,train
2711,52991,train
2712,52992,train
2713,52993,train
2714,52994,train
2715,52995,train
2716,52996,train
2717,52997,train
2718,52998,train
2719,52999,train
2720,53000,train
2721,53001,train
2722,53002,train
2723,53003,train
2724,53004,test
2725,53005,train
2726,53006,train
2727,53007,train
2728,53008,train
2729,53009,train
2730,53010,train
2731,53011,train
2732,53012,train
2733,53013,train
2734,53014,train
2735,53015,test
2736,53016,test
2737,53017,train
2738,53018,train
2739,53019,test
2740,53020,train
2741,53021,train
2742,53022,train
2743,53023,train
2744,53024,train
2745,53025,train
2746,53026,train
2747,53027,train
2748,53028,train
2749,53029,train
2750,53030,test
2751,53031,test
2752,53032,train
2753,53033,train
2754,53034,train
2755,53035,train
2756,53036,train
2757,53037,train
2758,53038,train
2759,53039,train
2760,53040,train
2761,53041,train
2762,53042,train
2763,53043,train
2764,53044,train
2765,53045,train
2766,53046,train
2767,53047,test
2768,53048,test
2769,53049,train
2770,53050,train
2771,53051,train
2772,53052,train
2773,53053,train
2774,53054,train
2775,53055,test
2776,53056,test
2777,53057,train
2778,53058,train
2779,53059,test
2780,53060,train
2781,53061,train
2782,53062,train
2783,53063,test
2784,53064,train
2785,53065,train
2786,53066,train
2787,53067,train
2788,53068,train
2789,53069,train
2790,53070,test
2791,53071,train
2792,53072,train
2793,53073,train
2794,53074,train
2795,53075,train
2796,53076,test
2797,53077,train
2798,53078,train
2799,53079,train
2800,53080,train
2801,53081,train
2802,53082,train
2803,53083,train
2804,53084,train
2805,53085,train
2806,53086,train
2807,53087,test
2808,53088,test
2809,53089,train
2810,53090,train
2811,53091,train
2812,53092,test
2813,53093,train
2814,53094,train
2815,53095,train
2816,53096,train
2817,53097,train
2818,53098,train
2819,53099,train
2820,53100,train
2821,53101,train
2822,53102,train
2823,53103,train
2824,53104,train
2825,53105,test
2826,53106,train
2827,53107,train
2828,53108,train
2829,53109,train
2830,53110,train
2831,53111,train
2832,53112,train
2833,53113,train
2834,53114,train
2835,53115,train
2836,53116,train
2837,53117,train
2838,53118,test
2839,53119,train
2840,53120,train
2841,53121,train
2842,53122,train
2843,53123,train
2844,53124,train
2845,53125,train
2846,53126,train
2847,53127,test
2848,53128,train
2849,53129,test
2850,53130,test
2851,53131,train
2852,53132,train
2853,53133,test
2854,53134,train
2855,53135,train
2856,53136,train
2857,53137,train
2858,53138,train
2859,53139,test
2860,53140,train
2861,53141,train
2862,53142,train
2863,53143,train
2864,53144,train
2865,53145,train
2866,53146,train
2867,53147,train
2868,53148,train
2869,53149,train
2870,53150,train
2871,53151,train
2872,53152,train
2873,53153,train
2874,53154,train
2875,53155,train
2876,53156,train
2877,53157,train
2878,53158,train
2879,53159,test
2880,53160,test
2881,53161,test
2882,53162,train
2883,53163,test
2884,53164,train
2885,53165,train
2886,53166,test
2887,53167,train
2888,53168,test
2889,53169,train
2890,53170,train
2891,53171,train
2892,53172,test
2893,53173,train
2894,53174,train
2895,53175,train
2896,53176,train
2897,53177,train
2898,53178,train
2899,53179,train
2900,53180,train
2901,53181,train
2902,53182,train
2903,53183,train
2904,53184,train
2905,53185,train
2906,53186,train
2907,53187,train
2908,53188,train
2909,53189,train
2910,53190,train
2911,53191,train
2912,53192,train
2913,53193,train
2914,53194,train
2915,53195,test
2916,53196,train
2917,53197,train
2918,53198,train
2919,53199,train
2920,53200,train
2921,53201,train
2922,53202,train
2923,53203,train
2924,53204,train
2925,53205,train
2926,53206,train
2927,53207,train
2928,53208,train
2929,53209,test
2930,53210,train
2931,53211,train
2932,53212,train
2933,53213,train
2934,53214,test
2935,53215,test
2936,53216,train
2937,53217,test
2938,53218,test
2939,53219,train
2940,53220,train
2941,53221,train
2942,53222,train
2943,53223,train
2944,53224,train
2945,53225,train
2946,53226,train
2947,53227,train
2948,53228,test
2949,53229,test
2950,53230,train
2951,53231,train
2952,53232,train
2953,53233,train
2954,53234,train
2955,53235,test
2956,53236,train
2957,53237,train
2958,53238,train
2959,53239,train
2960,53240,test
2961,53241,test
2962,53242,train
2963,53243,train
2964,53244,train
2965,53245,train
2966,53246,train
2967,53247,train
2968,53248,train
2969,53249,train
2970,53250,train
2971,53251,train
2972,53252,train
2973,53253,train
2974,53254,train
2975,53255,train
2976,53256,train
2977,53257,test
2978,53258,train
2979,53259,train
2980,53260,train
2981,53261,train
2982,53262,train
2983,53263,train
2984,53264,train
2985,53265,train
2986,53266,train
2987,53267,train
2988,53268,train
2989,53269,test
2990,53270,train
2991,53271,train
2992,53272,train
2993,53273,train
2994,53274,train
2995,53275,test
2996,53276,train
2997,53277,train
2998,53278,train
2999,53279,train
3000,53280,train
3001,53281,test
3002,53282,train
3003,53283,train
3004,53284,test
3005,53285,test
3006,53286,test
3007,53287,train
3008,53288,train
3009,53289,train
3010,53290,train
3011,53291,train
3012,53292,test
3013,53293,train
3014,53294,train
3015,53295,train
3016,53296,train
3017,53297,test
3018,53298,train
3019,53299,test
3020,53300,train
3021,53301,test
3022,53302,train
3023,53303,train
3024,53304,train
3025,53305,test
3026,53306,test
3027,53307,train
3028,53308,train
3029,53309,test
3030,53310,train
3031,53311,train
3032,53312,train
3033,53313,train
3034,53314,train
3035,53315,train
3036,53316,test
3037,53317,train
3038,53318,test
3039,53319,test
3040,53320,train
3041,53321,test
3042,53322,test
3043,53323,train
3044,53324,train
3045,53325,train
3046,53326,train
3047,53327,test
3048,53328,train
3049,53329,train
3050,53330,train
3051,53331,train
3052,53332,train
3053,53333,train
3054,53334,train
3055,53335,train
3056,53336,train
3057,53337,test
3058,53338,train
3059,53339,test
3060,53340,train
3061,53341,train
3062,53342,train
3063,53343,train
3064,53344,test
3065,53345,train
3066,53346,test
3067,53347,train
3068,53348,train
3069,53349,train
3070,53350,test
3071,53351,train
3072,53352,train
3073,53353,train
3074,53354,train
3075,53355,train
3076,53356,train
3077,53357,test
3078,53358,test
3079,53359,train
3080,53360,train
3081,53361,train
3082,53362,train
3083,53363,test
3084,53364,test
3085,53365,test
3086,53366,test
3087,53367,train
3088,53368,train
3089,53369,train
3090,53370,train
3091,53371,train
3092,53372,test
3093,53373,train
3094,53374,train
3095,53375,train
3096,53376,test
3097,53377,test
3098,53378,train
3099,53379,train
3100,53380,train
3101,53381,train
3102,53382,train
3103,53383,train
3104,53384,train
3105,53385,train
3106,53386,train
3107,53387,train
3108,53388,train
3109,53389,train
3110,53390,train
3111,53391,train
3112,53392,train
3113,53393,train
3114,53394,train
3115,53395,train
3116,53396,train
3117,53397,train
3118,53398,train
3119,53399,train
3120,53400,train
3121,53401,train
3122,53402,train
3123,53403,train
3124,53404,train
3125,53405,train
3126,53406,train
3127,53407,train
3128,53408,train
3129,53409,train
3130,53410,train
3131,53411,train
3132,53412,train
3133,53413,train
3134,53414,train
3135,53415,test
3136,53416,train
3137,53417,train
3138,53418,train
3139,53419,train
3140,53420,train
3141,53421,train
3142,53422,train
3143,53423,train
3144,53424,train
3145,53425,train
3146,53426,train
3147,53427,train
3148,53428,train
3149,53429,train
3150,53430,train
3151,53431,train
3152,53432,test
3153,53433,test
3154,53434,train
3155,53435,train
3156,53436,train
3157,53437,test
3158,53438,test
3159,53439,train
3160,53440,train
3161,53441,train
3162,53442,train
3163,53443,train
3164,53444,train
3165,53445,train
3166,53446,train
3167,53447,train
3168,53448,train
3169,53449,test
3170,53450,train
3171,53451,train
3172,53452,train
3173,53453,train
3174,53454,train
3175,53455,train
3176,53456,train
3177,53457,train
3178,53458,train
3179,53459,train
3180,53460,train
3181,53461,test
3182,53462,train
3183,53463,train
3184,53464,train
3185,53465,train
3186,53466,train
3187,53467,train
3188,53468,train
3189,53469,train
3190,53470,train
3191,53471,train
3192,53472,train
3193,53473,train
3194,53474,train
3195,53475,train
3196,53476,train
3197,53477,train
3198,53478,train
3199,53479,train
3200,53480,train
3201,53481,train
3202,53482,train
3203,53483,test
3204,53484,train
3205,53485,test
3206,53486,train
3207,53487,train
3208,53488,test
3209,53489,train
3210,53490,train
3211,53491,train
3212,53492,train
3213,53493,train
3214,53494,train
3215,53495,train
3216,53496,train
3217,53497,train
3218,53498,test
3219,53499,train
3220,53500,train
3221,53501,train
3222,53502,train
3223,53503,train
3224,53504,test
3225,53505,train
3226,53506,train
3227,53507,train
3228,53508,train
3229,53509,train
3230,53510,train
3231,53511,train
3232,53512,train
3233,53513,train
3234,53514,test
3235,53515,train
3236,53516,train
3237,53517,train
3238,53518,train
3239,53519,test
3240,53520,train
3241,53521,train
3242,53522,train
3243,53523,test
3244,53524,train
3245,53525,train
3246,53526,train
3247,53527,train
3248,53528,train
3249,53529,train
3250,53530,train
3251,53531,train
3252,53532,train
3253,53533,test
3254,53534,train
3255,53535,test
3256,53536,train
3257,53537,train
3258,53538,test
3259,53539,train
3260,53540,train
3261,53541,test
3262,53542,train
3263,53543,train
3264,53544,train
3265,53545,train
3266,53546,train
3267,53547,test
3268,53548,train
3269,53549,train
3270,53550,test
3271,53551,train
3272,53552,train
3273,53553,test
3274,53554,train
3275,53555,test
3276,53556,train
3277,53557,train
3278,53558,train
3279,53559,test
3280,53560,train
3281,53561,train
3282,53562,test
3283,53563,train
3284,53564,train
3285,53565,train
3286,53566,train
3287,53567,train
3288,53568,train
3289,53569,test
3290,53570,train
3291,53571,train
3292,53572,train
3293,53573,test
3294,53574,train
3295,53575,train
3296,53576,train
3297,53577,train
3298,53578,train
3299,53579,test
3300,53580,train
3301,53581,test
3302,53582,train
3303,53583,train
3304,53584,test
3305,53585,test
3306,53586,test
3307,53587,train
3308,53588,test
3309,53589,test
3310,53590,train
3311,53591,train
3312,53592,train
3313,53593,train
3314,53594,train
3315,53595,test
3316,53596,test
3317,53597,train
3318,53598,test
3319,53599,train
3320,53600,train
3321,53601,train
3322,53602,train
3323,53603,train
3324,53604,train
3325,53605,train
3326,53606,test
3327,53607,train
3328,53608,train
3329,53609,train
3330,53610,test
3331,53611,train
3332,53612,train
3333,53613,train
3334,53614,train
3335,53615,train
3336,53616,train
3337,53617,train
3338,53618,train
3339,53619,train
3340,53620,train
3341,53621,train
3342,53622,train
3343,53623,train
3344,53624,train
3345,53625,train
3346,53626,train
3347,53627,train
3348,53628,train
3349,53629,test
3350,53630,train
3351,53631,train
3352,53632,test
3353,53633,train
3354,53634,train
3355,53635,test
3356,53636,train
3357,53637,train
3358,53638,train
3359,53639,test
3360,53640,train
3361,53641,train
3362,53642,test
3363,53643,train
3364,53644,train
3365,53645,test
3366,53646,train
3367,53647,train
3368,53648,test
3369,53649,train
3370,53650,train
3371,53651,train
3372,53652,test
3373,53653,train
3374,53654,train
3375,53655,train
3376,53656,train
3377,53657,test
3378,53658,train
3379,53659,train
3380,53660,test
3381,53661,train
3382,53662,test
3383,53663,train
3384,53664,train
3385,53665,train
3386,53666,train
3387,53667,train
3388,53668,train
3389,53669,train
3390,53670,test
3391,53671,train
3392,53672,test
3393,53673,train
3394,53674,test
3395,53675,test
3396,53676,train
3397,53677,train
3398,53678,test
3399,53679,train
3400,53680,train
3401,53681,train
3402,53682,train
3403,53683,test
3404,53684,train
3405,53685,train
3406,53686,train
3407,53687,train
3408,53688,train
3409,53689,train
3410,53690,train
3411,53691,train
3412,53692,test
3413,53693,train
3414,53694,train
3415,53695,train
3416,53696,train
3417,53697,train
3418,53698,train
3419,53699,train
3420,53700,train
3421,53701,test
3422,53702,train
3423,53703,test
3424,53704,train
3425,53705,train
3426,53706,train
3427,53707,test
3428,53708,train
3429,53709,test
3430,53710,test
3431,53711,test
3432,53712,train
3433,53713,train
3434,53714,train
3435,53715,test
3436,53716,train
3437,53717,train
3438,53718,train
3439,53719,train
3440,53720,train
3441,53721,test
3442,53722,train
3443,53723,test
3444,53724,test
3445,53725,test
3446,53726,train
3447,53727,train
3448,53728,train
3449,53729,train
3450,53730,train
3451,53731,train
3452,53732,train
3453,53733,train
3454,53734,train
3455,53735,train
3456,53736,train
3457,53737,train
3458,53738,train
3459,53739,train
3460,53740,train
3461,53741,test
3462,53742,train
3463,53743,train
3464,53744,train
3465,53745,train
3466,53746,train
3467,53747,train
3468,53748,train
3469,53749,train
3470,53750,test
3471,53751,train
3472,53752,test
3473,53753,test
3474,53754,train
3475,53755,train
3476,53756,test
3477,53757,test
3478,53758,train
3479,53759,train
3480,53760,train
3481,53761,train
3482,53762,train
3483,53763,train
3484,53764,train
3485,53765,train
3486,53766,train
3487,53767,train
3488,53768,train
3489,53769,train
3490,53770,train
3491,53771,train
3492,53772,test
3493,53773,train
3494,53774,train
3495,53775,train
3496,53776,train
3497,53777,train
3498,53778,train
3499,53779,train
3500,53780,train
3501,53781,train
3502,53782,test
3503,53783,train
3504,53784,train
3505,53785,train
3506,53786,train
3507,53787,test
3508,53788,train
3509,53789,train
3510,53790,test
3511,53791,train
3512,53792,train
3513,53793,train
3514,53794,test
3515,53795,train
3516,53796,train
3517,53797,train
3518,53798,test
3519,53799,train
3520,53800,train
3521,53801,train
3522,53802,train
3523,53803,test
3524,53804,test
3525,53805,train
3526,53806,train
3527,53807,train
3528,53808,train
3529,53809,test
3530,53810,train
3531,53811,train
3532,53812,train
3533,53813,test
3534,53814,train
3535,53815,train
3536,53816,test
3537,53817,train
3538,53818,train
3539,53819,train
3540,53820,test
3541,53821,test
3542,53822,train
3543,53823,test
3544,53824,train
3545,53825,train
3546,53826,train
3547,53827,train
3548,53828,train
3549,53829,test
3550,53830,train
3551,53831,train
3552,53832,train
3553,53833,train
3554,53834,train
3555,53835,test
3556,53836,train
3557,53837,train
3558,53838,train
3559,53839,train
3560,53840,train
3561,53841,test
3562,53842,train
3563,53843,train
3564,53844,train
3565,53845,train
3566,53846,train
3567,53847,train
3568,53848,test
3569,53849,train
3570,53850,train
3571,53851,test
3572,53852,test
3573,53853,train
3574,53854,test
3575,53855,train
3576,53856,train
3577,53857,train
3578,53858,train
3579,53859,train
3580,53860,train
3581,53861,test
3582,53862,train
3583,53863,train
3584,53864,train
3585,53865,train
3586,53866,train
3587,53867,train
3588,53868,train
3589,53869,train
3590,53870,test
3591,53871,test
3592,53872,train
3593,53873,train
3594,53874,train
3595,53875,train
3596,53876,train
3597,53877,train
3598,53878,test
3599,53879,test
3600,53880,train
3601,53881,train
3602,53882,train
3603,53883,train
3604,53884,train
3605,53885,train
3606,53886,train
3607,53887,train
3608,53888,train
3609,53889,test
3610,53890,train
3611,53891,test
3612,53892,train
3613,53893,train
3614,53894,train
3615,53895,train
3616,53896,train
3617,53897,train
3618,53898,test
3619,53899,train
3620,53900,train
3621,53901,test
3622,53902,train
3623,53903,train
3624,53904,train
3625,53905,test
3626,53906,test
3627,53907,train
3628,53908,train
3629,53909,test
3630,53910,train
3631,53911,train
3632,53912,train
3633,53913,train
3634,53914,train
3635,53915,train
3636,53916,train
3637,53917,train
3638,53918,train
3639,53919,test
3640,53920,test
3641,53921,test
3642,53922,train
3643,53923,train
3644,53924,train
3645,53925,train
3646,53926,train
3647,53927,train
3648,53928,train
3649,53929,train
3650,53930,train
3651,53931,train
3652,53932,train
3653,53933,test
3654,53934,train
3655,53935,train
3656,53936,train
3657,53937,train
3658,53938,train
3659,53939,train
3660,53940,test
3661,53941,train
3662,53942,train
3663,53943,train
3664,53944,train
3665,53945,train
3666,53946,train
3667,53947,test
3668,53948,train
3669,53949,train
3670,53950,train
3671,53951,train
3672,53952,train
3673,53953,train
3674,53954,train
3675,53955,train
3676,53956,train
3677,53957,train
3678,53958,train
3679,53959,test
3680,53960,test
3681,53961,train
3682,53962,train
3683,53963,train
3684,53964,train
3685,53965,train
3686,53966,train
3687,53967,train
3688,53968,train
3689,53969,train
3690,53970,train
3691,53971,test
3692,53972,train
3693,53973,test
3694,53974,train
3695,53975,test
3696,53976,train
3697,53977,train
3698,53978,train
3699,53979,train
3700,53980,test
3701,53981,train
3702,53982,train
3703,53983,test
3704,53984,test
3705,53985,train
3706,53986,train
3707,53987,test
3708,53988,test
3709,53989,train
3710,53990,test
3711,53991,train
3712,53992,train
3713,53993,train
3714,53994,train
3715,53995,train
3716,53996,train
3717,53997,test
3718,53998,train
3719,53999,train
3720,54000,train
3721,54001,train
3722,54002,train
3723,54003,train
3724,54004,train
3725,54005,train
3726,54006,test
3727,54007,train
3728,54008,train
3729,54009,test
3730,54010,train
3731,54011,test
3732,54012,train
3733,54013,train
3734,54014,train
3735,54015,test
3736,54016,train
3737,54017,train
3738,54018,train
3739,54019,test
3740,54020,train
3741,54021,train
3742,54022,train
3743,54023,train
3744,54024,train
3745,54025,train
3746,54026,test
3747,54027,train
3748,54028,train
3749,54029,train
3750,54030,train
3751,54031,train
3752,54032,test
3753,54033,train
3754,54034,test
3755,54035,train
3756,54036,train
3757,54037,train
3758,54038,train
3759,54039,train
3760,54040,train
3761,54041,train
3762,54042,test
3763,54043,train
3764,54044,train
3765,54045,train
3766,54046,test
3767,54047,train
3768,54048,train
3769,54049,train
3770,54050,test
3771,54051,train
3772,54052,train
3773,54053,train
3774,54054,train
3775,54055,train
3776,54056,train
3777,54057,train
3778,54058,train
3779,54059,train
3780,54060,train
3781,54061,train
3782,54062,train
3783,54063,train
3784,54064,test
3785,54065,train
3786,54066,train
3787,54067,train
3788,54068,train
3789,54069,test
3790,54070,train
3791,54071,test
3792,54072,train
3793,54073,train
3794,54074,train
3795,54075,test
3796,54076,test
3797,54077,test
3798,54078,train
3799,54079,train
3800,54080,train
3801,54081,train
3802,54082,train
3803,54083,test
3804,54084,train
3805,54085,train
3806,54086,train
3807,54087,train
3808,54088,train
3809,54089,train
3810,54090,test
3811,54091,train
3812,54092,train
3813,54093,train
3814,54094,train
3815,54095,train
3816,54096,train
3817,54097,train
3818,54098,train
3819,54099,train
3820,54100,train
3821,54101,train
3822,54102,train
3823,54103,test
3824,54104,test
3825,54105,train
3826,54106,train
3827,54107,train
3828,54108,test
3829,54109,train
3830,54110,train
3831,54111,train
3832,54112,train
3833,54113,train
3834,54114,train
3835,54115,train
3836,54116,test
3837,54117,test
3838,54118,train
3839,54119,train
3840,54120,train
3841,54121,train
3842,54122,train
3843,54123,test
3844,54124,test
3845,54125,train
3846,54126,train
3847,54127,train
3848,54128,train
3849,54129,train
3850,54130,train
3851,54131,test
3852,54132,train
3853,54133,train
3854,54134,train
3855,54135,train
3856,54136,train
3857,54137,train
3858,54138,test
3859,54139,train
3860,54140,train
3861,54141,train
3862,54142,train
3863,54143,train
3864,54144,train
3865,54145,train
3866,54146,train
3867,54147,train
3868,54148,train
3869,54149,train
3870,54150,train
3871,54151,train
3872,54152,train
3873,54153,train
3874,54154,test
3875,54155,train
3876,54156,train
3877,54157,test
3878,54158,train
3879,54159,train
3880,54160,test
3881,54161,test
3882,54162,train
3883,54164,train
3884,54165,train
3885,54166,train
3886,54167,train
3887,54168,train
3888,54169,train
3889,54170,train
3890,54171,train
3891,54172,train
3892,54173,train
3893,54174,test
3894,54176,train
3895,54177,test
3896,54178,train
3897,54179,train
3898,54180,train
3899,54181,train
3900,54182,test
3901,54183,train
3902,54184,test
3903,54185,train
3904,54186,test
3905,54187,test
3906,54188,train
3907,54189,train
3908,54190,train
3909,54191,test
3910,54192,train
3911,54193,test
3912,54194,train
3913,54195,train
3914,54196,train
3915,54197,train
3916,54198,test
3917,54199,train
3918,54200,train
3919,54201,train
3920,54202,test
3921,54203,train
3922,54204,train
3923,54205,train
3924,54206,train
3925,54207,train
3926,54208,train
3927,54209,train
3928,54210,test
3929,54212,train
3930,54213,train
3931,54214,train
3932,54215,train
3933,54216,train
3934,54217,train
3935,54218,test
3936,54219,train
3937,54220,train
3938,54221,train
3939,54222,train
3940,54223,test
3941,54224,train
3942,54225,train
3943,54226,train
3944,54227,train
3945,54228,train
3946,54229,train
3947,54230,test
3948,54231,train
3949,54232,train
3950,54233,train
3951,54234,train
3952,54235,train
3953,54236,test
3954,54237,train
3955,54238,train
3956,54239,train
3957,54240,train
3958,54241,train
3959,54242,train
3960,54243,train
3961,54244,train
3962,54245,train
3963,54246,test
3964,54247,train
3965,54248,test
3966,54249,train
3967,54250,train
3968,54251,test
3969,54252,train
3970,54253,train
3971,54254,test
3972,54255,test
3973,54256,train
3974,54257,test
3975,54258,train
3976,54259,train
3977,54260,train
3978,54261,train
3979,54262,test
3980,54263,train
3981,54264,train
3982,54265,train
3983,54266,train
3984,54267,train
3985,54268,train
3986,54269,test
3987,54270,test
3988,54271,train
3989,54273,train
3990,54274,train
3991,54275,train
3992,54276,train
3993,54277,train
3994,54278,train
3995,54279,test
3996,54280,test
3997,54281,test
3998,54282,test
3999,54283,test
4000,54284,train
4001,54285,train
4002,54286,test
4003,54287,train
4004,54288,train
4005,54289,train
4006,54290,train
4007,54291,test
4008,54292,train
4009,54293,train
4010,54294,train
4011,54295,train
4012,54296,train
4013,54297,test
4014,54298,train
4015,54299,train
4016,54300,train
4017,54302,train
4018,54303,train
4019,54304,train
4020,54305,train
4021,54306,test
4022,54307,test
4023,54308,train
4024,54309,train
4025,54310,train
4026,54311,train
4027,54312,test
4028,54313,train
4029,54315,train
4030,54316,train
4031,54317,train
4032,54318,test
4033,54319,test
4034,54320,train
4035,54321,test
4036,54322,train
4037,54323,train
4038,54324,test
4039,54326,train
4040,54327,train
4041,54328,train
4042,54329,train
4043,54331,train
4044,54333,train
4045,54334,train
4046,54336,train
4047,54337,train
4048,54338,train
4049,54339,test
4050,54340,train
4051,54341,train
4052,54342,train
4053,54344,test
4054,54345,train
4055,54346,train
4056,54347,test
4057,54348,train
4058,54349,train
4059,54351,train
4060,54352,train
4061,54353,test
4062,54354,train
4063,54355,train
4064,54356,train
4065,54357,train
4066,54359,test
4067,54360,train
4068,54361,test
4069,54362,train
4070,54364,train
4071,54365,train
4072,54366,train
4073,54367,train
4074,54368,train
4075,54369,train
4076,54371,train
4077,54372,train
4078,54374,test
4079,54375,train
4080,54376,train
4081,54377,train
4082,54379,train
4083,54380,test
4084,54381,test
4085,54382,train
4086,54383,train
4087,54385,train
4088,54386,train
4089,54387,train
4090,54388,train
4091,54390,train
4092,54391,train
4093,54392,train
4094,54393,train
4095,54394,train
4096,54395,train
4097,54396,train
4098,54397,test
4099,54398,train
4100,54399,train
4101,54400,train
4102,54401,train
4103,54402,test
4104,54403,train
4105,54404,train
4106,54405,train
4107,54407,train
4108,54408,train
4109,54409,train
4110,54410,test
4111,54411,train
4112,54412,test
4113,54413,train
4114,54414,train
4115,54415,train
4116,54416,test
4117,54417,train
4118,54418,train
4119,54419,train
4120,54420,train
4121,54421,train
4122,54422,train
4123,54424,train
4124,54425,train
4125,54426,train
4126,54427,train
4127,54428,train
4128,54429,train
4129,54430,test
4130,54431,train
4131,54432,test
4132,54433,train
4133,54434,train
4134,54436,test
4135,54437,train
4136,54438,train
4137,54439,train
4138,54440,test
4139,54441,test
4140,54442,test
4141,54443,test
4142,54444,test
4143,54445,train
4144,54446,train
4145,54448,train
4146,54450,train
4147,54452,train
4148,54454,train
4149,54455,train
4150,54456,test
4151,54457,train
4152,54458,train
4153,54459,test
4154,54462,test
4155,54463,train
4156,54464,train
4157,54465,test
4158,54466,train
4159,54467,train
4160,54468,test
4161,54470,test
4162,54471,train
4163,54472,train
4164,54473,train
4165,54474,train
4166,54475,train
4167,54476,train
4168,54478,train
4169,54480,train
4170,54481,test
4171,54482,test
4172,54483,train
4173,54484,test
4174,54485,train
4175,54486,train
4176,54487,train
4177,54488,train
4178,54489,train
4179,54490,test
4180,54491,train
4181,54492,train
4182,54493,train
4183,54494,train
4184,54495,train
4185,54496,test
4186,54497,train
4187,54498,train
4188,54499,train
4189,54500,train
4190,54501,train
4191,54502,test
4192,54503,train
4193,54504,train
4194,54505,train
4195,54506,train
4196,54508,train
4197,54509,train
4198,54510,test
4199,54512,train
4200,54513,train
4201,54514,train
4202,54515,train
4203,54516,train
4204,54517,train
4205,54518,test
4206,54519,train
4207,54520,test
4208,54521,train
4209,54522,train
4210,54523,train
4211,54524,train
4212,54525,test
4213,54526,train
4214,54527,train
4215,54528,train
4216,54529,train
4217,54530,train
4218,54531,test
4219,54532,train
4220,54533,train
4221,54535,train
4222,54536,train
4223,54537,train
4224,54538,train
4225,54539,train
4226,54540,train
4227,54542,train
4228,54544,test
4229,54545,train
4230,54546,train
4231,54547,train
4232,54549,train
4233,54552,train
4234,54553,train
4235,54554,train
4236,54555,train
4237,54556,train
4238,54557,train
4239,54558,train
4240,54559,train
4241,54560,train
4242,54562,train
4243,54564,train
4244,54566,train
4245,54567,train
4246,54568,train
4247,54569,train
4248,54571,train
4249,54572,test
4250,54573,train
4251,54574,train
4252,54575,train
4253,54576,train
4254,54577,train
4255,54578,test
4256,54579,test
4257,54580,train
4258,54581,train
4259,54582,train
4260,54583,train
4261,54584,train
4262,54585,train
4263,54586,train
4264,54587,train
4265,54588,train
4266,54589,train
4267,54590,test
4268,54591,test
4269,54592,train
4270,54593,train
4271,54594,train
4272,54595,train
4273,54596,train
4274,54597,test
4275,54598,test
4276,54599,train
4277,54600,train
4278,54602,train
4279,54603,test
4280,54604,test
4281,54605,train
4282,54606,train
4283,54607,train
4284,54608,train
4285,54610,train
4286,54611,train
4287,54612,train
4288,54613,test
4289,54615,train
4290,54616,train
4291,54617,train
4292,54619,train
4293,54621,test
4294,54622,train
4295,54623,train
4296,54624,train
4297,54625,train
4298,54626,test
4299,54627,test
4300,54628,test
4301,54630,train
4302,54631,train
4303,54632,train
4304,54633,train
4305,54634,test
4306,54635,train
4307,54636,test
4308,54637,train
4309,54638,train
4310,54639,train
4311,54640,train
4312,54641,test
4313,54642,train
4314,54644,train
4315,54645,test
4316,54646,train
4317,54647,train
4318,54648,train
4319,54649,train
4320,54650,train
4321,54651,train
4322,54652,train
4323,54653,train
4324,54656,train
4325,54657,train
4326,54658,train
4327,54659,train
4328,54660,train
4329,54661,train
4330,54663,train
4331,54664,test
4332,54665,train
4333,54666,test
4334,54667,train
4335,54668,test
4336,54669,train
4337,54670,train
4338,54671,train
4339,54672,test
4340,54673,train
4341,54674,train
4342,54675,train
4343,54676,train
4344,54677,train
4345,54678,train
4346,54679,train
4347,54680,train
4348,54681,train
4349,54682,train
4350,54683,train
4351,54684,test
4352,54687,train
4353,54688,test
4354,54689,train
4355,54690,train
4356,54691,train
4357,54692,train
4358,54693,train
4359,54694,train
4360,54695,train
4361,54696,train
4362,54697,train
4363,54698,train
4364,54699,train
4365,54700,train
4366,54702,train
4367,54706,train
4368,54707,test
4369,54708,test
4370,54709,train
4371,54710,test
4372,54711,train
4373,54712,train
4374,54713,test
4375,54714,test
4376,54716,train
4377,54717,train
4378,54718,train
4379,54719,train
4380,54720,train
4381,54722,train
4382,54723,train
4383,54724,train
4384,54725,train
4385,54726,train
4386,54727,test
4387,54728,train
4388,54729,train
4389,54731,train
4390,54732,train
4391,54733,train
4392,54734,train
4393,54735,train
4394,54737,train
4395,54738,train
4396,54739,train
4397,54741,test
4398,54742,train
4399,54743,train
4400,54744,train
4401,54745,test
4402,54746,test
4403,54747,test
4404,54748,test
4405,54749,train
4406,54750,train
4407,54751,test
4408,54753,train
4409,54754,train
4410,54755,train
4411,54756,train
4412,54757,train
4413,54758,test
4414,54759,train
4415,54760,test
4416,54761,train
4417,54762,train
4418,54763,train
4419,54765,train
4420,54766,test
4421,54767,train
4422,54768,train
4423,54769,train
4424,54770,train
4425,54771,train
4426,54773,train
4427,54774,test
4428,54775,train
4429,54776,train
4430,54777,test
4431,54779,train
4432,54781,train
4433,54782,test
4434,54783,train
4435,54784,train
4436,54785,train
4437,54786,train
4438,54787,train
4439,54788,train
4440,54790,train
4441,54791,train
4442,54792,train
4443,54793,test
4444,54794,train
4445,54795,train
4446,54796,test
4447,54797,train
4448,54798,test
4449,54799,test
4450,54800,train
4451,54801,train
4452,54802,train
4453,54803,train
4454,54804,train
4455,54805,train
4456,54806,train
4457,54807,train
4458,54808,train
4459,54809,train
4460,54810,train
4461,54811,train
4462,54812,test
4463,54815,train
4464,54817,train
4465,54818,train
4466,54819,train
4467,54820,train
4468,54821,train
4469,54823,train
4470,54824,train
4471,54825,train
4472,54826,train
4473,54827,train
4474,54828,train
4475,54829,train
4476,54830,train
4477,54831,train
4478,54833,train
4479,54834,train
4480,54836,train
4481,54837,train
4482,54838,test
4483,54839,train
4484,54840,train
4485,54841,test
4486,54842,train
4487,54843,train
4488,54844,test
4489,54845,train
4490,54846,test
4491,54848,train
4492,54849,train
4493,54851,train
4494,54853,train
4495,54854,train
4496,54855,train
4497,54856,train
4498,54857,test
4499,54858,train
4500,54859,train
4501,54860,train
4502,54861,train
4503,54863,train
4504,54864,train
4505,54865,train
4506,54866,train
4507,54868,train
4508,54869,train
4509,54870,train
4510,54873,train
4511,54874,train
4512,54875,train
4513,54876,train
4514,54877,train
4515,54878,test
4516,54879,test
4517,54880,train
4518,54881,train
4519,54882,test
4520,54883,test
4521,54884,train
4522,54885,test
4523,54887,test
4524,54888,train
4525,54889,test
4526,54890,train
4527,54891,train
4528,54892,train
4529,54894,train
4530,54895,train
4531,54898,test
4532,54899,train
4533,54900,train
4534,54901,test
4535,54902,train
4536,54903,test
4537,54904,train
4538,54905,train
4539,54906,train
4540,54907,train
4541,54908,test
4542,54909,train
4543,54910,train
4544,54911,train
4545,54912,train
4546,54913,train
4547,54915,train
4548,54916,train
4549,54917,test
4550,54918,test
4551,54919,train
4552,54921,test
4553,54923,test
4554,54924,test
4555,54925,train
4556,54926,train
4557,54927,test
4558,54929,train
4559,54930,test
4560,54931,train
4561,54932,train
4562,54933,train
4563,54934,train
4564,54935,train
4565,54936,train
4566,54937,train
4567,54938,train
4568,54940,test
4569,54941,train
4570,54942,train
4571,54943,train
4572,54944,train
4573,54945,train
4574,54946,train
4575,54947,train
4576,54948,train
4577,54949,train
4578,54950,train
4579,54951,train
4580,54952,train
4581,54953,train
4582,54954,train
4583,54955,train
4584,54956,train
4585,54957,train
4586,54959,train
4587,54960,train
4588,54961,test
4589,54962,train
4590,54963,train
4591,54964,train
4592,54965,train
4593,54966,train
4594,54967,test
4595,54968,train
4596,54969,train
4597,54971,test
4598,54973,train
4599,54974,train
4600,54975,train
4601,54976,train
4602,54977,test
4603,54978,train
4604,54979,train
4605,54980,train
4606,54981,train
4607,54982,test
4608,54984,train
4609,54985,train
4610,54986,train
4611,54987,test
4612,54988,train
4613,54989,train
4614,54990,train
4615,54991,train
4616,54992,train
4617,54993,test
4618,54994,train
4619,54995,test
4620,54997,train
4621,54998,train
4622,55001,train
4623,55002,train
4624,55003,train
4625,55004,train
4626,55005,train
4627,55006,train
4628,55007,train
4629,55008,train
4630,55009,train
4631,55010,train
4632,55011,train
4633,55012,train
4634,55013,train
4635,55015,train
4636,55016,train
4637,55017,train
4638,55019,train
4639,55020,test
4640,55021,test
4641,55022,test
4642,55024,train
4643,55025,train
4644,55027,train
4645,55028,train
4646,55029,train
4647,55030,train
4648,55031,train
4649,55032,test
4650,55033,train
4651,55034,train
4652,55035,train
4653,55036,train
4654,55037,train
4655,55038,train
4656,55039,train
4657,55040,train
4658,55041,train
4659,55043,train
4660,55044,train
4661,55046,train
4662,55047,train
4663,55048,train
4664,55049,test
4665,55050,train
4666,55051,train
4667,55052,train
4668,55053,train
4669,55054,train
4670,55055,train
4671,55056,test
4672,55057,train
4673,55058,train
4674,55059,train
4675,55060,train
4676,55061,test
4677,55064,train
4678,55065,train
4679,55066,train
4680,55067,train
4681,55068,test
4682,55069,train
4683,55070,train
4684,55071,train
4685,55072,train
4686,55073,train
4687,55074,test
4688,55075,train
4689,55076,test
4690,55077,train
4691,55079,train
4692,55080,test
4693,55081,train
4694,55082,test
4695,55083,train
4696,55084,train
4697,55085,train
4698,55086,train
4699,55087,train
4700,55089,train
4701,55090,train
4702,55091,train
4703,55092,train
4704,55093,train
4705,55094,train
4706,55095,train
4707,55096,train
4708,55097,test
4709,55098,test
4710,55099,train
4711,55100,train
4712,55102,train
4713,55103,train
4714,55104,train
4715,55105,test
4716,55106,test
4717,55107,test
4718,55108,train
4719,55109,train
4720,55110,train
4721,55111,train
4722,55113,train
4723,55114,train
4724,55115,train
4725,55116,train
4726,55117,train
4727,55119,train
4728,55120,train
4729,55121,train
4730,55125,test
4731,55126,train
4732,55127,train
4733,55128,train
4734,55129,train
4735,55130,test
4736,55131,train
4737,55133,train
4738,55134,train
4739,55135,train
4740,55137,train
4741,55139,train
4742,55140,train
4743,55141,train
4744,55142,train
4745,55144,train
4746,55145,train
4747,55146,train
4748,55147,train
4749,55148,train
4750,55149,test
4751,55150,train
4752,55151,train
4753,55152,train
4754,55153,train
4755,55154,train
4756,55155,train
4757,55156,test
4758,55157,train
4759,55158,train
4760,55159,test
4761,55160,train
4762,55161,train
4763,55162,train
4764,55163,train
4765,55164,test
4766,55165,train
4767,55167,train
4768,55168,train
4769,55169,train
4770,55170,train
4771,55171,train
4772,55172,train
4773,55173,test
4774,55176,train
4775,55178,train
4776,55179,train
4777,55180,train
4778,55181,train
4779,55182,train
4780,55183,train
4781,55184,test
4782,55185,train
4783,55186,train
4784,55187,train
4785,55188,train
4786,55189,train
4787,55190,train
4788,55191,train
4789,55192,test
4790,55194,train
4791,55195,train
4792,55196,train
4793,55197,train
4794,55198,train
4795,55199,train
4796,55200,train
4797,55202,test
4798,55205,test
4799,55206,test
4800,55208,test
4801,55210,train
4802,55211,train
4803,55212,train
4804,55214,train
4805,55217,train
4806,55218,train
4807,55219,test
4808,55220,test
4809,55222,test
4810,55223,train
4811,55225,train
4812,55226,train
4813,55227,train
4814,55228,train
4815,55229,train
4816,55230,train
4817,55232,train
4818,55233,train
4819,55234,train
4820,55235,train
4821,55236,train
4822,55238,test
4823,55239,test
4824,55240,train
4825,55241,train
4826,55242,train
4827,55245,train
4828,55246,train
4829,55248,train
4830,55249,train
4831,55250,test
4832,55251,train
4833,55252,train
4834,55254,train
4835,55255,train
4836,55256,train
4837,55259,train
4838,55260,train
4839,55261,test
4840,55263,train
4841,55264,train
4842,55265,train
4843,55267,train
4844,55269,train
4845,55270,train
4846,55272,test
4847,55273,train
4848,55274,train
4849,55275,train
4850,55277,test
4851,55278,train
4852,55280,train
4853,55281,train
4854,55282,test
4855,55284,train
4856,55285,train
4857,55286,test
4858,55287,train
4859,55288,train
4860,55289,train
4861,55291,train
4862,55292,train
4863,55296,train
4864,55298,test
4865,55299,test
4866,55301,train
4867,55302,train
4868,55303,train
4869,55304,train
4870,55305,test
4871,55307,test
4872,55308,train
4873,55309,test
4874,55311,train
4875,55312,train
4876,55313,test
4877,55314,train
4878,55317,train
4879,55318,train
4880,55321,test
4881,55322,train
4882,55323,train
4883,55324,test
4884,55325,test
4885,55326,train
4886,55328,train
4887,55329,train
4888,55335,train
4889,55338,train
4890,55340,train
4891,55343,train
4892,55344,train
4893,55345,train
4894,55346,train
4895,55347,train
4896,55348,train
4897,55351,train
4898,55353,train
4899,55354,train
4900,55356,train
4901,55361,train
4902,55365,train
4903,55366,train
4904,55367,train
4905,55369,train
4906,55370,train
4907,55371,train
4908,55372,test
4909,55373,train
4910,55374,train
4911,55375,train
4912,55377,train
4913,55379,test
4914,55380,train
4915,55381,train
4916,55382,train
4917,55384,test
4918,55385,train
4919,55386,test
4920,55388,test
4921,55390,train
4922,55393,test
4923,55397,train
4924,55398,train
4925,55399,train
4926,55400,train
4927,55401,train
4928,55402,train
4929,55403,train
4930,55406,train
4931,55408,train
4932,55409,train
4933,55410,train
4934,55411,train
4935,55412,train
4936,55413,train
4937,55414,train
4938,55416,train
4939,55418,test
4940,55420,train
4941,55425,train
4942,55427,test
4943,55429,test
4944,55430,train
4945,55431,train
4946,55432,train
4947,55433,test
4948,55435,train
4949,55437,train
4950,55438,train
4951,55439,train
4952,55440,train
4953,55441,train
4954,55442,train
4955,55443,test
4956,55444,train
4957,55446,train
4958,55447,train
4959,55449,train
4960,55450,train
4961,55454,test
4962,55455,train
4963,55456,train
4964,55459,train
4965,55460,train
4966,55461,test
4967,55462,train
4968,55463,train
4969,55464,train
4970,55465,test
4971,55468,train
4972,55470,train
4973,55474,test
4974,55476,train
4975,55477,train
4976,55480,train
4977,55481,train
4978,55482,train
4979,55483,train
4980,55484,test
4981,55485,train
4982,55487,train
4983,55488,train
4984,55489,train
4985,55491,train
4986,55494,test
4987,55495,train
4988,55496,test
4989,55497,train
4990,55501,train
4991,55506,train
4992,55509,train
4993,55510,train
4994,55512,train
4995,55513,train
4996,55514,train
4997,55517,train
4998,55518,train
4999,55519,test
5000,55521,train
5001,55523,test
5002,55525,test
5003,55526,train
5004,55528,train
5005,55530,train
5006,55533,train
5007,55535,train
5008,55537,train
5009,55538,test
5010,55539,train
5011,55541,test
5012,55543,train
5013,55545,test
5014,55546,train
5015,55547,train
5016,55548,train
5017,55550,train
5018,55551,train
5019,55552,train
5020,55554,test
5021,55555,test
5022,55557,test
5023,55558,train
5024,55559,train
5025,55561,test
5026,55563,train
5027,55565,train
5028,55568,test
5029,55570,train
5030,55573,train
5031,55575,train
5032,55576,train
5033,55577,train
5034,55578,train
5035,55580,train
5036,55581,train
5037,55582,train
5038,55583,train
5039,55584,train
5040,55586,train
5041,55587,train
5042,55588,train
5043,55589,train
5044,55590,train
5045,55591,train
5046,55592,train
5047,55594,test
5048,55595,train
5049,55596,train
5050,55598,train
5051,55600,train
5052,55601,train
5053,55602,train
5054,55603,train
5055,55604,train
5056,55606,train
5057,55608,test
5058,55609,train
5059,55610,test
5060,55613,train
5061,55615,train
5062,55616,train
5063,55617,train
5064,55618,train
5065,55619,train
5066,55620,test
5067,55622,train
5068,55623,test
5069,55624,test
5070,55625,train
5071,55627,train
5072,55628,train
5073,55630,train
