row_index,CustomerID
0,50001
1,50002
2,50003
3,50004
4,50005
5,50006
6,50007
8,50009
9,50010
11,50012
14,50015
15,50016
16,50017
17,50018
18,50019
19,50020
20,50021
21,50022
22,50023
23,50024
24,50025
25,50026
26,50027
27,50028
28,50029
32,50033
33,50034
34,50035
36,50037
37,50038
38,50039
39,50040
40,50041
41,50042
43,50044
44,50045
45,50046
46,50047
47,50048
48,50049
49,50050
50,50051
51,50052
52,50053
53,50054
54,50055
56,50057
58,50059
59,50060
60,50061
61,50062
62,50063
64,50065
65,50066
66,50067
67,50068
68,50069
69,50070
70,50071
71,50072
73,50074
74,50075
75,50076
76,50077
78,50079
80,50081
81,50082
82,50083
83,50084
84,50085
85,50086
86,50087
87,50088
89,50090
90,50091
91,50092
93,50094
94,50095
95,50096
97,50098
98,50099
99,50100
101,50102
103,50104
104,50105
106,50107
107,50108
108,50109
109,50110
110,50111
112,50113
114,50115
115,50116
116,50117
118,50119
119,50120
120,50121
121,50122
122,50123
123,50124
124,50125
125,50126
126,50127
127,50128
128,50129
129,50130
130,50131
131,50132
132,50133
134,50135
135,50136
136,50137
137,50138
138,50139
140,50141
142,50143
143,50144
144,50145
145,50146
146,50147
147,50148
148,50149
149,50150
151,50152
152,50153
153,50154
155,50156
157,50158
159,50160
163,50164
164,50165
166,50167
167,50168
168,50169
169,50170
170,50171
171,50172
172,50173
174,50175
176,50177
177,50178
180,50181
182,50183
183,50184
184,50185
187,50188
188,50189
189,50190
190,50191
193,50194
194,50195
196,50197
197,50198
199,50200
200,50201
201,50202
202,50203
203,50204
204,50205
206,50207
207,50208
208,50209
209,50210
210,50211
211,50212
214,50215
215,50216
216,50217
218,50219
219,50220
220,50221
221,50222
222,50223
223,50224
224,50225
225,50226
226,50227
227,50228
228,50229
229,50230
230,50231
231,50232
232,50233
233,50234
234,50235
235,50236
236,50237
237,50238
238,50239
239,50240
240,50241
241,50242
242,50243
244,50245
245,50246
248,50249
249,50250
251,50252
252,50253
253,50254
254,50255
256,50257
258,50259
261,50262
263,50264
265,50266
267,50268
268,50269
269,50270
270,50271
271,50272
272,50273
273,50274
274,50275
275,50276
276,50277
277,50278
278,50279
279,50280
280,50281
281,50282
282,50283
283,50284
287,50288
288,50289
289,50290
290,50291
292,50293
293,50294
294,50295
298,50299
299,50300
301,50302
302,50303
303,50304
304,50305
305,50306
308,50309
309,50310
310,50311
311,50312
312,50313
313,50314
314,50315
315,50316
316,50317
318,50319
320,50321
321,50322
322,50323
324,50325
326,50327
327,50328
329,50330
330,50331
332,50333
333,50334
335,50336
336,50337
337,50338
339,50340
340,50341
341,50342
342,50343
343,50344
344,50345
345,50346
346,50347
347,50348
348,50349
349,50350
350,50351
351,50352
352,50353
353,50354
355,50356
357,50358
358,50359
359,50360
360,50361
361,50362
362,50363
363,50364
364,50365
365,50366
366,50367
367,50368
368,50369
369,50370
370,50371
371,50372
372,50373
373,50374
374,50375
375,50376
376,50377
377,50378
378,50379
379,50380
382,50383
383,50384
384,50385
385,50386
386,50387
387,50388
388,50389
389,50390
390,50391
391,50392
392,50393
393,50394
394,50395
395,50396
396,50397
397,50398
398,50399
399,50400
400,50401
403,50404
404,50405
405,50406
406,50407
407,50408
408,50409
409,50410
410,50411
411,50412
412,50413
413,50414
414,50415
416,50417
418,50419
422,50423
423,50424
424,50425
425,50426
426,50427
427,50428
428,50429
429,50430
430,50431
431,50432
432,50433
433,50434
434,50435
435,50436
436,50437
438,50439
439,50440
440,50441
441,50442
442,50443
444,50445
446,50447
448,50449
449,50450
450,50451
451,50452
452,50453
454,50455
455,50456
456,50457
457,50458
458,50459
459,50460
461,50462
462,50463
463,50464
464,50465
465,50466
466,50467
468,50469
469,50470
471,50472
474,50475
475,50476
476,50477
477,50478
479,50480
480,50481
481,50482
482,50483
485,50486
486,50487
488,50489
489,50490
490,50491
491,50492
493,50494
494,50495
495,50496
496,50497
497,50498
498,50499
499,50500
500,50501
502,50503
503,50504
504,50505
505,50506
506,50507
507,50508
508,50509
510,50511
512,50513
513,50514
514,50515
516,50517
517,50518
518,50519
519,50520
520,50521
521,50522
522,50523
523,50524
524,50525
525,50526
526,50527
527,50528
528,50529
529,50530
530,50531
531,50532
532,50533
533,50534
534,50535
536,50537
537,50538
538,50539
539,50540
540,50541
541,50542
542,50543
543,50544
544,50545
545,50546
546,50547
547,50548
548,50549
549,50550
550,50551
551,50552
553,50554
554,50555
555,50556
556,50557
557,50558
558,50559
559,50560
560,50561
561,50562
563,50564
564,50565
565,50566
566,50567
567,50568
569,50570
570,50571
571,50572
572,50573
573,50574
574,50575
576,50577
577,50578
580,50581
582,50583
584,50585
585,50586
586,50587
587,50588
590,50591
591,50592
592,50593
593,50594
594,50595
595,50596
596,50597
597,50598
598,50599
599,50600
600,50601
602,50603
603,50604
604,50605
607,50608
608,50609
609,50610
610,50611
612,50613
613,50614
614,50615
615,50616
616,50617
617,50618
619,50620
620,50621
621,50622
623,50624
624,50625
625,50626
627,50628
628,50629
629,50630
630,50631
631,50632
632,50633
634,50635
636,50637
637,50638
638,50639
639,50640
640,50641
641,50642
642,50643
643,50644
644,50645
645,50646
646,50647
647,50648
651,50652
652,50653
653,50654
655,50656
656,50657
657,50658
658,50659
659,50660
661,50662
662,50663
663,50664
664,50665
665,50666
666,50667
667,50668
670,50671
671,50672
672,50673
673,50674
675,50676
676,50677
677,50678
679,50680
680,50681
681,50682
682,50683
683,50684
684,50685
685,50686
686,50687
687,50688
688,50689
689,50690
690,50691
691,50692
692,50693
693,50694
694,50695
695,50696
698,50699
699,50700
702,50703
703,50704
704,50705
705,50706
706,50707
707,50708
708,50709
709,50710
711,50712
712,50713
713,50714
714,50715
715,50716
716,50717
719,50720
720,50721
721,50722
722,50723
723,50724
726,50727
727,50728
728,50729
729,50730
730,50731
731,50732
732,50733
733,50734
734,50735
735,50736
736,50737
737,50738
738,50739
739,50740
740,50741
741,50742
742,50743
744,50745
745,50746
746,50747
747,50748
748,50749
750,50751
751,50752
753,50754
754,50755
756,50757
758,50759
759,50760
760,50761
761,50762
762,50763
763,50764
766,50767
768,50769
769,50770
770,50771
771,50772
775,50776
776,50777
777,50778
778,50779
779,50780
780,50781
781,50782
782,50783
783,50784
784,50785
786,50787
787,50788
788,50789
789,50790
790,50791
792,50793
793,50794
794,50795
795,50796
796,50797
797,50798
800,50801
801,50802
802,50803
803,50804
804,50805
805,50806
806,50807
809,50810
810,50811
811,50812
812,50813
813,50814
815,50816
817,50818
818,50819
819,50820
821,50822
822,50823
823,50824
824,50825
827,50828
828,50829
829,50830
830,50831
831,50832
833,50834
835,50836
837,50838
838,50839
839,50840
840,50841
841,50842
842,50843
844,50845
845,50846
846,50847
847,50848
848,50849
849,50850
850,50851
851,50852
853,50854
854,50855
855,50856
856,50857
857,50858
858,50859
859,50860
861,50862
862,50863
863,50864
866,50867
867,50868
868,50869
869,50870
870,50871
871,50872
872,50873
873,50874
874,50875
875,50876
877,50878
878,50879
879,50880
881,50882
882,50883
883,50884
884,50885
888,50889
889,50890
890,50891
891,50892
892,50893
893,50894
896,50897
898,50899
899,50900
901,50902
902,50903
903,50904
905,50906
906,50907
907,50908
908,50909
909,50910
910,50911
911,50912
912,50913
913,50914
914,50915
915,50916
916,50917
918,50919
919,50920
920,50921
921,50922
922,50923
923,50924
924,50925
925,50926
926,50927
927,50928
928,50929
929,50930
931,50932
933,50934
934,50935
936,50937
937,50938
938,50939
940,50941
942,50943
944,50945
945,50946
946,50947
947,50948
949,50950
950,50951
952,50953
954,50955
955,50956
956,50957
957,50958
960,50961
961,50962
962,50963
963,50964
964,50965
965,50966
966,50967
967,50968
968,50969
970,50971
971,50972
972,50973
973,50974
974,50975
975,50976
976,50977
977,50978
978,50979
979,50980
980,50981
981,50982
984,50985
985,50986
986,50987
988,50989
989,50990
990,50991
991,50992
992,50993
994,50995
995,50996
996,50997
997,50998
998,50999
999,51000
1000,51001
1001,51002
1002,51003
1003,51004
1005,51006
1006,51007
1007,51008
1008,51009
1009,51010
1010,51011
1012,51013
1014,51015
1016,51017
1017,51018
1018,51019
1019,51020
1021,51022
1022,51023
1023,51024
1024,51025
1025,51026
1026,51027
1027,51028
1028,51029
1029,51030
1030,51031
1031,51032
1032,51033
1033,51034
1034,51035
1035,51036
1036,51037
1039,51040
1040,51041
1041,51042
1043,51044
1045,51046
1046,51047
1049,51050
1050,51051
1051,51052
1052,51053
1053,51054
1055,51056
1056,51057
1058,51059
1059,51060
1060,51061
1061,51062
1062,51063
1063,51064
1064,51065
1066,51067
1068,51069
1069,51070
1070,51071
1072,51073
1074,51075
1075,51076
1076,51077
1077,51078
1079,51080
1080,51081
1081,51082
1082,51083
1083,51084
1084,51085
1085,51086
1086,51087
1087,51088
1088,51089
1089,51090
1090,51091
1091,51092
1092,51093
1095,51096
1096,51097
1097,51098
1098,51099
1099,51100
1101,51102
1103,51104
1104,51105
1105,51106
1106,51107
1107,51108
1108,51109
1109,51110
1110,51111
1111,51112
1112,51113
1113,51114
1114,51115
1115,51116
1116,51117
1117,51118
1118,51119
1119,51120
1120,51121
1121,51122
1124,51125
1125,51126
1126,51127
1127,51128
1128,51129
1130,51131
1131,51132
1133,51134
1134,51135
1136,51137
1137,51138
1138,51139
1139,51140
1140,51141
1141,51142
1142,51143
1143,51144
1144,51145
1145,51146
1146,51147
1147,51148
1148,51149
1149,51150
1150,51151
1151,51152
1152,51153
1153,51154
1154,51155
1155,51156
1157,51158
1159,51160
1160,51161
1161,51162
1162,51163
1163,51164
1164,51165
1165,51166
1166,51167
1169,51170
1171,51172
1173,51174
1174,51175
1176,51177
1177,51178
1178,51179
1179,51180
1180,51181
1181,51182
1182,51183
1183,51184
1184,51185
1185,51186
1186,51187
1187,51188
1188,51189
1190,51191
1191,51192
1192,51193
1194,51195
1195,51196
1196,51197
1197,51198
1199,51200
1200,51201
1201,51202
1202,51203
1203,51204
1204,51205
1205,51206
1206,51207
1207,51208
1208,51209
1209,51210
1210,51211
1211,51212
1216,51217
1217,51218
1219,51220
1220,51221
1221,51222
1222,51223
1223,51224
1224,51225
1225,51226
1226,51227
1227,51228
1228,51229
1229,51230
1230,51231
1231,51232
1232,51233
1233,51234
1234,51235
1235,51236
1236,51237
1238,51239
1239,51240
1240,51241
1243,51244
1244,51245
1245,51246
1247,51248
1249,51250
1250,51251
1251,51252
1252,51253
1253,51254
1254,51255
1256,51257
1258,51259
1260,51261
1261,51262
1262,51263
1263,51264
1264,51265
1265,51266
1266,51267
1267,51268
1268,51269
1269,51270
1270,51271
1271,51272
1272,51273
1273,51274
1274,51275
1275,51276
1276,51277
1279,51280
1280,51281
1282,51283
1283,51284
1284,51285
1285,51286
1286,51287
1287,51288
1288,51289
1289,51290
1290,51291
1293,51294
1296,51297
1299,51300
1300,51301
1302,51303
1303,51304
1304,51305
1305,51306
1306,51307
1307,51308
1310,51311
1312,51313
1313,51314
1316,51317
1318,51319
1319,51320
1320,51321
1321,51322
1322,51323
1323,51324
1324,51325
1325,51326
1326,51327
1328,51329
1329,51330
1330,51331
1331,51332
1332,51333
1333,51334
1334,51335
1335,51336
1336,51337
1337,51338
1339,51340
1340,51341
1341,51342
1342,51343
1343,51344
1344,51345
1346,51347
1348,51349
1349,51350
1350,51351
1351,51352
1352,51353
1353,51354
1354,51355
1355,51356
1356,51357
1358,51359
1359,51360
1360,51361
1361,51362
1363,51364
1364,51365
1365,51366
1366,51367
1367,51368
1368,51369
1369,51370
1370,51371
1371,51372
1372,51373
1373,51374
1374,51375
1375,51376
1376,51377
1377,51378
1378,51379
1379,51380
1380,51381
1381,51382
1382,51383
1383,51384
1384,51385
1386,51387
1389,51390
1390,51391
1391,51392
1394,51395
1395,51396
1396,51397
1399,51400
1401,51402
1402,51403
1403,51404
1407,51408
1408,51409
1409,51410
1411,51412
1412,51413
1413,51414
1414,51415
1415,51416
1416,51417
1419,51420
1421,51422
1422,51423
1423,51424
1424,51425
1425,51426
1426,51427
1427,51428
1428,51429
1429,51430
1430,51431
1431,51432
1432,51433
1433,51434
1434,51435
1435,51436
1437,51438
1438,51439
1439,51440
1440,51441
1441,51442
1442,51443
1444,51445
1445,51446
1446,51447
1447,51448
1448,51449
1449,51450
1450,51451
1451,51452
1452,51453
1453,51454
1454,51455
1455,51456
1457,51458
1458,51459
1459,51460
1460,51461
1461,51462
1462,51463
1463,51464
1464,51465
1465,51466
1466,51467
1467,51468
1468,51469
1469,51470
1470,51471
1471,51472
1473,51474
1476,51477
1477,51478
1480,51481
1481,51482
1482,51483
1483,51484
1484,51485
1485,51486
1486,51487
1487,51488
1488,51489
1489,51490
1490,51491
1491,51492
1492,51493
1493,51494
1494,51495
1495,51496
1496,51497
1497,51498
1498,51499
1499,51500
1500,51501
1501,51502
1502,51503
1503,51504
1504,51505
1505,51506
1507,51508
1508,51509
1510,51511
1512,51513
1514,51515
1517,51518
1519,51520
1521,51522
1522,51523
1523,51524
1524,51525
1525,51526
1526,51527
1528,51529
1529,51530
1530,51531
1531,51532
1532,51533
1534,51535
1535,51536
1536,51537
1537,51538
1538,51539
1539,51540
1540,51541
1541,51542
1544,51545
1545,51546
1546,51547
1548,51549
1550,51551
1552,51553
1553,51554
1554,51555
1555,51556
1556,51557
1557,51558
1558,51559
1559,51560
1560,51561
1561,51562
1562,51563
1563,51564
1565,51566
1566,51567
1567,51568
1568,51569
1570,51571
1571,51572
1572,51573
1574,51575
1575,51576
1576,51577
1577,51578
1578,51579
1579,51580
1583,51584
1585,51586
1586,51587
1587,51588
1588,51589
1590,51591
1592,51593
1593,51594
1594,51595
1595,51596
1598,51599
1599,51600
1600,51601
1601,51602
1603,51604
1604,51605
1605,51606
1606,51607
1607,51608
1609,51610
1610,51611
1612,51613
1613,51614
1614,51615
1616,51617
1617,51618
1618,51619
1619,51620
1620,51621
1621,51622
1622,51623
1624,51625
1625,51626
1626,51627
1627,51628
1628,51629
1630,51631
1631,51632
1632,51633
1633,51634
1634,51635
1635,51636
1637,51638
1638,51639
1639,51640
1640,51641
1641,51642
1642,51643
1644,51645
1645,51646
1646,51647
1647,51648
1649,51650
1651,51652
1652,51653
1653,51654
1655,51656
1656,51657
1658,51659
1659,51660
1660,51661
1661,51662
1662,51663
1663,51664
1664,51665
1665,51666
1666,51667
1667,51668
1668,51669
1669,51670
1670,51671
1673,51674
1674,51675
1675,51676
1677,51678
1678,51679
1679,51680
1680,51681
1681,51682
1682,51683
1683,51684
1684,51685
1686,51687
1687,51688
1688,51689
1689,51690
1690,51691
1691,51692
1692,51693
1693,51694
1694,51695
1695,51696
1696,51697
1697,51698
1699,51700
1700,51701
1701,51702
1702,51703
1703,51704
1704,51705
1706,51707
1707,51708
1708,51709
1709,51710
1710,51711
1711,51712
1712,51713
1713,51714
1714,51715
1715,51716
1716,51717
1717,51718
1718,51719
1719,51720
1720,51721
1721,51722
1723,51724
1724,51725
1725,51726
1726,51727
1728,51729
1730,51731
1731,51732
1732,51733
1733,51734
1734,51735
1735,51736
1736,51737
1737,51738
1738,51739
1739,51740
1740,51741
1741,51742
1743,51744
1744,51745
1745,51746
1746,51747
1747,51748
1748,51749
1749,51750
1750,51751
1751,51752
1752,51753
1753,51754
1754,51755
1755,51756
1757,51758
1759,51760
1760,51761
1761,51762
1762,51763
1763,51764
1765,51766
1766,51767
1768,51769
1769,51770
1770,51771
1771,51772
1773,51774
1774,51775
1776,51777
1777,51778
1778,51779
1779,51780
1780,51781
1781,51782
1783,51784
1784,51785
1785,51786
1786,51787
1787,51788
1788,51789
1789,51790
1790,51791
1792,51793
1793,51794
1794,51795
1795,51796
1797,51798
1798,51799
1799,51800
1800,51801
1803,51804
1805,51806
1806,51807
1807,51808
1808,51809
1809,51810
1811,51812
1812,51813
1813,51814
1814,51815
1815,51816
1816,51817
1817,51818
1818,51819
1819,51820
1820,51821
1821,51822
1822,51823
1823,51824
1824,51825
1825,51826
1826,51827
1827,51828
1828,51829
1829,51830
1831,51832
1832,51833
1833,51834
1834,51835
1835,51836
1836,51837
1837,51838
1838,51839
1839,51840
1840,51841
1845,51846
1847,51848
1848,51849
1849,51850
1850,51851
1851,51852
1852,51853
1853,51854
1854,51855
1855,51856
1858,51859
1859,51860
1861,51862
1862,51863
1863,51864
1864,51865
1865,51866
1866,51867
1867,51868
1868,51869
1869,51870
1870,51871
1871,51872
1872,51873
1873,51874
1874,51875
1875,51876
1876,51877
1877,51878
1878,51879
1879,51880
1880,51881
1881,51882
1882,51883
1883,51884
1884,51885
1885,51886
1886,51887
1887,51888
1888,51889
1890,51891
1892,51893
1894,51895
1897,51898
1898,51899
1899,51900
1900,51901
1901,51902
1902,51903
1904,51905
1905,51906
1906,51907
1907,51908
1909,51910
1910,51911
1911,51912
1912,51913
1913,51914
1914,51915
1915,51916
1916,51917
1917,51918
1918,51919
1919,51920
1920,51921
1921,51922
1922,51923
1924,51925
1925,51926
1926,51927
1927,51928
1928,51929
1930,51931
1933,51934
1934,51935
1935,51936
1936,51937
1937,51938
1938,51939
1939,51940
1940,51941
1941,51942
1942,51943
1943,51944
1944,51945
1945,51946
1946,51947
1947,51948
1948,51949
1949,51950
1951,51952
1952,51953
1953,51954
1954,51955
1955,51956
1956,51957
1957,51958
1959,51960
1960,51961
1961,51962
1962,51963
1966,51967
1968,51969
1971,51972
1972,51973
1973,51974
1974,51975
1975,51976
1976,51977
1977,51978
1978,51979
1979,51980
1981,51982
1982,51983
1984,51985
1985,51986
1986,51987
1987,51988
1988,51989
1990,51991
1991,51992
1992,51993
1993,51994
1994,51995
1995,51996
1996,51997
1997,51998
1998,51999
2001,52002
2002,52003
2003,52004
2004,52005
2007,52008
2009,52010
2010,52011
2011,52012
2012,52013
2013,52014
2015,52016
2017,52018
2018,52019
2019,52020
2020,52021
2024,52025
2026,52027
2027,52028
2028,52029
2032,52033
2033,52034
2034,52035
2035,52036
2036,52037
2037,52038
2038,52039
2039,52040
2040,52041
2042,52043
2043,52044
2045,52046
2046,52047
2047,52048
2048,52049
2049,52050
2050,52051
2052,52053
2053,52054
2054,52055
2055,52056
2056,52057
2057,52058
2058,52059
2060,52061
2061,52062
2062,52063
2063,52064
2064,52065
2065,52066
2066,52067
2067,52068
2069,52070
2070,52071
2071,52072
2072,52073
2074,52075
2075,52076
2077,52078
2079,52080
2080,52081
2081,52082
2082,52083
2083,52084
2084,52085
2085,52086
2086,52087
2087,52088
2088,52089
2089,52090
2092,52093
2094,52095
2095,52096
2096,52097
2098,52099
2099,52100
2100,52101
2101,52102
2102,52103
2103,52104
2104,52105
2105,52106
2106,52107
2107,52108
2108,52109
2109,52110
2110,52111
2111,52112
2112,52113
2113,52114
2114,52115
2116,52117
2118,52119
2120,52121
2121,52122
2123,52124
2124,52125
2126,52127
2128,52129
2129,52130
2130,52131
2131,52132
2132,52133
2133,52134
2134,52135
2135,52136
2136,52137
2137,52138
2138,52139
2139,52140
2140,52141
2141,52142
2142,52143
2143,52144
2145,52146
2146,52147
2147,52148
2149,52150
2150,52151
2151,52152
2152,52153
2153,52154
2154,52155
2155,52156
2156,52157
2157,52158
2159,52160
2160,52161
2161,52162
2162,52163
2163,52164
2164,52165
2165,52166
2166,52167
2167,52168
2168,52169
2170,52171
2171,52172
2172,52173
2174,52175
2175,52176
2176,52177
2177,52178
2178,52179
2179,52180
2181,52182
2182,52183
2184,52185
2185,52186
2187,52188
2188,52189
2189,52190
2190,52191
2192,52193
2193,52194
2194,52195
2195,52196
2196,52197
2197,52198
2199,52200
2200,52201
2203,52204
2204,52205
2205,52206
2206,52207
2209,52210
2210,52211
2211,52212
2214,52215
2215,52216
2216,52217
2217,52218
2218,52219
2219,52220
2220,52221
2221,52222
2223,52224
2225,52226
2226,52227
2228,52229
2230,52231
2231,52232
2232,52233
2233,52234
2235,52236
2236,52237
2237,52238
2241,52242
2244,52245
2245,52246
2246,52247
2247,52248
2248,52249
2249,52250
2251,52252
2252,52253
2253,52254
2254,52255
2255,52256
2256,52257
2257,52258
2258,52259
2260,52261
2261,52262
2262,52263
2263,52264
2264,52265
2266,52267
2267,52268
2268,52269
2269,52270
2270,52271
2271,52272
2272,52273
2273,52274
2274,52275
2275,52276
2276,52277
2277,52278
2278,52279
2281,52282
2283,52284
2284,52285
2285,52286
2286,52287
2287,52288
2288,52289
2290,52291
2291,52292
2292,52293
2293,52294
2294,52295
2296,52297
2297,52298
2298,52299
2299,52300
2300,52301
2301,52302
2302,52303
2303,52304
2305,52306
2307,52308
2308,52309
2309,52310
2310,52311
2311,52312
2312,52313
2313,52314
2314,52315
2315,52316
2317,52318
2318,52319
2319,52320
2320,52321
2321,52322
2322,52323
2323,52324
2324,52325
2325,52326
2326,52327
2327,52328
2328,52329
2329,52330
2330,52331
2331,52332
2332,52333
2335,52336
2336,52337
2337,52338
2339,52340
2340,52341
2341,52342
2343,52344
2344,52345
2345,52346
2349,52350
2350,52351
2351,52352
2353,52354
2354,52355
2355,52356
2356,52357
2357,52358
2358,52359
2359,52360
2360,52361
2361,52362
2362,52363
2364,52365
2365,52366
2366,52367
2369,52370
2370,52371
2371,52372
2372,52373
2373,52374
2374,52375
2375,52376
2376,52377
2377,52378
2378,52379
2379,52380
2381,52382
2383,52384
2384,52385
2385,52386
2386,52387
2387,52388
2388,52389
2391,52392
2392,52393
2393,52394
2394,52395
2397,52398
2399,52400
2401,52402
2402,52403
2403,52404
2404,52405
2405,52406
2406,52407
2408,52409
2409,52410
2410,52411
2411,52412
2413,52414
2414,52415
2416,52417
2418,52419
2420,52421
2421,52422
2423,52424
2424,52425
2425,52426
2426,52427
2427,52428
2428,52429
2429,52430
2430,52431
2431,52432
2432,52433
2433,52434
2434,52435
2435,52436
2436,52437
2437,52438
2438,52439
2440,52441
2441,52442
2442,52443
2444,52445
2445,52446
2446,52447
2447,52448
2450,52451
2451,52452
2452,52453
2453,52454
2454,52455
2457,52458
2458,52459
2459,52460
2460,52461
2461,52462
2462,52463
2463,52464
2466,52467
2468,52469
2469,52470
2470,52471
2471,52472
2472,52473
2476,52477
2477,52478
2479,52480
2480,52481
2481,52482
2484,52485
2485,52486
2486,52487
2490,52491
2491,52492
2493,52494
2494,52495
2495,52496
2496,52497
2498,52499
2499,52500
2501,52502
2502,52503
2504,52505
2505,52506
2506,52507
2507,52508
2508,52509
2509,52510
2513,52514
2514,52515
2515,52516
2516,52517
2517,52518
2518,52519
2519,52520
2520,52521
2521,52522
2522,52523
2523,52524
2524,52525
2526,52527
2527,52528
2528,52529
2529,52530
2530,52531
2531,52532
2533,52534
2534,52535
2535,52536
2536,52537
2538,52539
2539,52540
2540,52541
2541,52542
2542,52543
2543,52544
2544,52545
2545,52546
2546,52547
2547,52548
2548,52549
2550,52551
2551,52552
2552,52553
2553,52554
2554,52555
2555,52556
2556,52557
2558,52559
2559,52560
2560,52561
2562,52563
2563,52564
2565,52566
2566,52567
2567,52568
2569,52570
2570,52571
2572,52573
2573,52574
2576,52577
2577,52578
2578,52579
2582,52583
2584,52585
2586,52587
2587,52588
2588,52589
2589,52590
2591,52592
2592,52593
2594,52595
2595,52596
2596,52597
2597,52598
2599,52600
2600,52601
2602,52603
2603,52604
2605,52606
2606,52607
2607,52608
2608,52609
2609,52610
2611,52612
2612,52613
2613,52614
2614,52615
2615,52616
2617,52618
2618,52619
2619,52620
2621,52622
2622,52623
2623,52624
2624,52625
2625,52626
2626,52627
2627,52628
2628,52629
2630,52631
2631,52632
2632,52633
2633,52634
2634,52635
2635,52636
2636,52637
2637,52638
2639,52640
2640,52641
2642,52643
2644,52645
2647,52648
2648,52649
2649,52650
2650,52651
2651,52652
2652,52653
2654,52655
2655,52656
2656,52657
2657,52658
2658,52659
2659,52660
2661,52662
2662,52663
2663,52664
2664,52665
2665,52666
2666,52667
2667,52668
2668,52669
2670,52671
2671,52672
2672,52673
2673,52674
2674,52675
2677,52678
2679,52680
2680,52681
2681,52682
2682,52683
2683,52684
2684,52685
2685,52686
2686,52687
2687,52688
2688,52689
2689,52690
2690,52691
2692,52693
2693,52694
2694,52695
2695,52696
2696,52697
2698,52699
2699,52700
2700,52701
2701,52702
2702,52703
2703,52704
2704,52705
2705,52706
2706,52707
2707,52708
2708,52709
2709,52710
2710,52711
2711,52712
2712,52713
2713,52714
2714,52715
2715,52716
2716,52717
2717,52718
2718,52719
2721,52722
2722,52723
2723,52724
2724,52725
2725,52726
2726,52727
2728,52729
2729,52730
2730,52731
2732,52733
2733,52734
2734,52735
2735,52736
2736,52737
2737,52738
2738,52739
2739,52740
2741,52742
2742,52743
2743,52744
2745,52746
2746,52747
2748,52749
2750,52751
2751,52752
2752,52753
2753,52754
2754,52755
2756,52757
2757,52758
2758,52759
2759,52760
2760,52761
2761,52762
2762,52763
2764,52765
2766,52767
2767,52768
2768,52769
2770,52771
2771,52772
2772,52773
2773,52774
2774,52775
2776,52777
2777,52778
2778,52779
2779,52780
2780,52781
2781,52782
2782,52783
2783,52784
2784,52785
2785,52786
2786,52787
2789,52790
2790,52791
2791,52792
2792,52793
2793,52794
2794,52795
2795,52796
2797,52798
2798,52799
2801,52802
2802,52803
2803,52804
2804,52805
2805,52806
2806,52807
2807,52808
2808,52809
2809,52810
2810,52811
2811,52812
2812,52813
2813,52814
2814,52815
2815,52816
2816,52817
2817,52818
2818,52819
2819,52820
2820,52821
2821,52822
2822,52823
2823,52824
2824,52825
2827,52828
2828,52829
2829,52830
2830,52831
2831,52832
2832,52833
2833,52834
2835,52836
2836,52837
2837,52838
2838,52839
2839,52840
2840,52841
2841,52842
2842,52843
2844,52845
2845,52846
2846,52847
2847,52848
2848,52849
2849,52850
2850,52851
2851,52852
2852,52853
2853,52854
2854,52855
2855,52856
2856,52857
2857,52858
2858,52859
2859,52860
2860,52861
2861,52862
2862,52863
2865,52866
2867,52868
2868,52869
2869,52870
2871,52872
2872,52873
2873,52874
2874,52875
2875,52876
2877,52878
2878,52879
2880,52881
2881,52882
2882,52883
2883,52884
2884,52885
2885,52886
2886,52887
2887,52888
2888,52889
2891,52892
2892,52893
2893,52894
2894,52895
2895,52896
2896,52897
2898,52899
2900,52901
2901,52902
2902,52903
2903,52904
2904,52905
2906,52907
2907,52908
2908,52909
2909,52910
2910,52911
2911,52912
2912,52913
2913,52914
2914,52915
2915,52916
2916,52917
2917,52918
2918,52919
2920,52921
2922,52923
2923,52924
2924,52925
2925,52926
2926,52927
2927,52928
2928,52929
2929,52930
2930,52931
2931,52932
2932,52933
2933,52934
2934,52935
2935,52936
2936,52937
2937,52938
2938,52939
2939,52940
2940,52941
2941,52942
2943,52944
2944,52945
2945,52946
2946,52947
2947,52948
2950,52951
2952,52953
2953,52954
2954,52955
2955,52956
2956,52957
2957,52958
2958,52959
2959,52960
2960,52961
2961,52962
2963,52964
2964,52965
2965,52966
2966,52967
2968,52969
2969,52970
2970,52971
2971,52972
2974,52975
2975,52976
2977,52978
2978,52979
2979,52980
2980,52981
2981,52982
2982,52983
2983,52984
2984,52985
2985,52986
2986,52987
2987,52988
2988,52989
2989,52990
2990,52991
2992,52993
2993,52994
2995,52996
2996,52997
2997,52998
2998,52999
2999,53000
3000,53001
3002,53003
3003,53004
3005,53006
3006,53007
3009,53010
3010,53011
3011,53012
3013,53014
3014,53015
3016,53017
3017,53018
3018,53019
3019,53020
3020,53021
3021,53022
3022,53023
3023,53024
3024,53025
3025,53026
3026,53027
3027,53028
3029,53030
3031,53032
3032,53033
3033,53034
3035,53036
3036,53037
3038,53039
3039,53040
3040,53041
3041,53042
3042,53043
3043,53044
3044,53045
3045,53046
3046,53047
3047,53048
3048,53049
3049,53050
3050,53051
3052,53053
3053,53054
3054,53055
3055,53056
3056,53057
3057,53058
3058,53059
3059,53060
3060,53061
3061,53062
3062,53063
3063,53064
3064,53065
3065,53066
3066,53067
3067,53068
3070,53071
3072,53073
3073,53074
3074,53075
3075,53076
3076,53077
3077,53078
3078,53079
3079,53080
3081,53082
3082,53083
3083,53084
3084,53085
3086,53087
3087,53088
3088,53089
3089,53090
3093,53094
3095,53096
3096,53097
3097,53098
3099,53100
3101,53102
3102,53103
3104,53105
3105,53106
3106,53107
3107,53108
3108,53109
3109,53110
3110,53111
3112,53113
3113,53114
3114,53115
3115,53116
3116,53117
3117,53118
3118,53119
3119,53120
3121,53122
3122,53123
3123,53124
3124,53125
3126,53127
3127,53128
3128,53129
3129,53130
3130,53131
3131,53132
3132,53133
3133,53134
3135,53136
3136,53137
3138,53139
3140,53141
3141,53142
3142,53143
3143,53144
3144,53145
3145,53146
3146,53147
3147,53148
3148,53149
3149,53150
3150,53151
3151,53152
3152,53153
3153,53154
3154,53155
3155,53156
3156,53157
3157,53158
3158,53159
3159,53160
3162,53163
3163,53164
3165,53166
3166,53167
3167,53168
3168,53169
3169,53170
3170,53171
3172,53173
3173,53174
3174,53175
3175,53176
3177,53178
3178,53179
3179,53180
3180,53181
3181,53182
3182,53183
3183,53184
3184,53185
3185,53186
3186,53187
3188,53189
3189,53190
3190,53191
3191,53192
3192,53193
3193,53194
3194,53195
3196,53197
3197,53198
3198,53199
3199,53200
3200,53201
3201,53202
3202,53203
3203,53204
3204,53205
3205,53206
3206,53207
3207,53208
3208,53209
3209,53210
3210,53211
3211,53212
3212,53213
3213,53214
3214,53215
3215,53216
3217,53218
3218,53219
3219,53220
3220,53221
3221,53222
3222,53223
3223,53224
3224,53225
3225,53226
3226,53227
3227,53228
3229,53230
3230,53231
3231,53232
3232,53233
3234,53235
3235,53236
3236,53237
3237,53238
3238,53239
3239,53240
3241,53242
3242,53243
3243,53244
3244,53245
3245,53246
3246,53247
3247,53248
3248,53249
3250,53251
3252,53253
3254,53255
3256,53257
3257,53258
3259,53260
3260,53261
3261,53262
3262,53263
3263,53264
3265,53266
3267,53268
3268,53269
3269,53270
3270,53271
3271,53272
3273,53274
3274,53275
3278,53279
3279,53280
3280,53281
3281,53282
3282,53283
3283,53284
3284,53285
3286,53287
3287,53288
3289,53290
3290,53291
3291,53292
3293,53294
3294,53295
3295,53296
3296,53297
3297,53298
3300,53301
3302,53303
3307,53308
3308,53309
3311,53312
3312,53313
3313,53314
3314,53315
3319,53320
3320,53321
3321,53322
3322,53323
3323,53324
3324,53325
3325,53326
3326,53327
3327,53328
3329,53330
3330,53331
3331,53332
3332,53333
3333,53334
3335,53336
3336,53337
3337,53338
3338,53339
3340,53341
3341,53342
3342,53343
3343,53344
3344,53345
3345,53346
3346,53347
3349,53350
3350,53351
3351,53352
3352,53353
3353,53354
3355,53356
3356,53357
3357,53358
3359,53360
3360,53361
3361,53362
3364,53365
3365,53366
3367,53368
3368,53369
3369,53370
3371,53372
3372,53373
3373,53374
3374,53375
3375,53376
3377,53378
3378,53379
3379,53380
3381,53382
3382,53383
3384,53385
3385,53386
3386,53387
3387,53388
3388,53389
3389,53390
3390,53391
3391,53392
3393,53394
3395,53396
3397,53398
3399,53400
3400,53401
3401,53402
3402,53403
3404,53405
3406,53407
3407,53408
3408,53409
3409,53410
3410,53411
3411,53412
3412,53413
3413,53414
3415,53416
3416,53417
3417,53418
3418,53419
3419,53420
3420,53421
3421,53422
3422,53423
3423,53424
3426,53427
3427,53428
3428,53429
3429,53430
3430,53431
3433,53434
3434,53435
3436,53437
3437,53438
3438,53439
3439,53440
3440,53441
3442,53443
3443,53444
3445,53446
3447,53448
3449,53450
3451,53452
3452,53453
3453,53454
3454,53455
3455,53456
3456,53457
3457,53458
3459,53460
3460,53461
3461,53462
3462,53463
3463,53464
3464,53465
3465,53466
3466,53467
3467,53468
3468,53469
3469,53470
3470,53471
3471,53472
3475,53476
3476,53477
3477,53478
3478,53479
3479,53480
3480,53481
3481,53482
3482,53483
3483,53484
3485,53486
3487,53488
3488,53489
3489,53490
3490,53491
3491,53492
3492,53493
3493,53494
3495,53496
3497,53498
3498,53499
3500,53501
3502,53503
3503,53504
3505,53506
3506,53507
3509,53510
3511,53512
3512,53513
3514,53515
3515,53516
3517,53518
3518,53519
3519,53520
3521,53522
3522,53523
3523,53524
3524,53525
3525,53526
3528,53529
3529,53530
3530,53531
3532,53533
3533,53534
3534,53535
3535,53536
3536,53537
3538,53539
3539,53540
3540,53541
3541,53542
3543,53544
3544,53545
3545,53546
3546,53547
3547,53548
3549,53550
3550,53551
3551,53552
3553,53554
3554,53555
3556,53557
3557,53558
3558,53559
3559,53560
3561,53562
3562,53563
3563,53564
3564,53565
3565,53566
3566,53567
3567,53568
3571,53572
3572,53573
3574,53575
3575,53576
3576,53577
3577,53578
3578,53579
3580,53581
3582,53583
3584,53585
3586,53587
3587,53588
3588,53589
3590,53591
3592,53593
3593,53594
3594,53595
3595,53596
3596,53597
3597,53598
3598,53599
3601,53602
3602,53603
3603,53604
3604,53605
3605,53606
3606,53607
3607,53608
3608,53609
3610,53611
3611,53612
3612,53613
3613,53614
3614,53615
3615,53616
3616,53617
3617,53618
3619,53620
3620,53621
3622,53623
3623,53624
3624,53625
3625,53626
3626,53627
3627,53628
3629,53630
3631,53632
3632,53633
3633,53634
3634,53635
3635,53636
3636,53637
3637,53638
3639,53640
3640,53641
3641,53642
3642,53643
3643,53644
3645,53646
3646,53647
3647,53648
3648,53649
3649,53650
3650,53651
3651,53652
3652,53653
3653,53654
3655,53656
3656,53657
3657,53658
3658,53659
3659,53660
3660,53661
3661,53662
3662,53663
3663,53664
3664,53665
3666,53667
3667,53668
3669,53670
3671,53672
3672,53673
3673,53674
3674,53675
3676,53677
3678,53679
3679,53680
3680,53681
3681,53682
3682,53683
3683,53684
3684,53685
3685,53686
3686,53687
3687,53688
3688,53689
3689,53690
3690,53691
3691,53692
3693,53694
3694,53695
3698,53699
3699,53700
3700,53701
3701,53702
3702,53703
3705,53706
3707,53708
3708,53709
3709,53710
3710,53711
3711,53712
3712,53713
3714,53715
3716,53717
3717,53718
3720,53721
3721,53722
3722,53723
3723,53724
3724,53725
3725,53726
3727,53728
3728,53729
3729,53730
3730,53731
3731,53732
3732,53733
3733,53734
3734,53735
3735,53736
3736,53737
3739,53740
3740,53741
3741,53742
3742,53743
3744,53745
3745,53746
3746,53747
3747,53748
3749,53750
3751,53752
3753,53754
3755,53756
3756,53757
3757,53758
3758,53759
3759,53760
3761,53762
3762,53763
3763,53764
3765,53766
3766,53767
3767,53768
3768,53769
3769,53770
3770,53771
3771,53772
3772,53773
3773,53774
3774,53775
3775,53776
3778,53779
3780,53781
3782,53783
3784,53785
3785,53786
3786,53787
3787,53788
3788,53789
3789,53790
3790,53791
3791,53792
3792,53793
3793,53794
3794,53795
3797,53798
3798,53799
3799,53800
3800,53801
3801,53802
3802,53803
3805,53806
3806,53807
3808,53809
3811,53812
3812,53813
3813,53814
3814,53815
3816,53817
3817,53818
3818,53819
3819,53820
3821,53822
3822,53823
3823,53824
3824,53825
3825,53826
3826,53827
3827,53828
3828,53829
3829,53830
3830,53831
3831,53832
3832,53833
3833,53834
3836,53837
3837,53838
3838,53839
3840,53841
3842,53843
3843,53844
3844,53845
3845,53846
3846,53847
3847,53848
3849,53850
3850,53851
3851,53852
3852,53853
3853,53854
3854,53855
3855,53856
3856,53857
3857,53858
3859,53860
3860,53861
3861,53862
3862,53863
3863,53864
3864,53865
3865,53866
3866,53867
3867,53868
3868,53869
3869,53870
3871,53872
3872,53873
3873,53874
3874,53875
3875,53876
3876,53877
3877,53878
3878,53879
3879,53880
3880,53881
3881,53882
3882,53883
3883,53884
3884,53885
3885,53886
3886,53887
3887,53888
3889,53890
3890,53891
3891,53892
3893,53894
3894,53895
3895,53896
3896,53897
3897,53898
3898,53899
3899,53900
3900,53901
3901,53902
3902,53903
3903,53904
3904,53905
3905,53906
3906,53907
3908,53909
3910,53911
3911,53912
3912,53913
3913,53914
3914,53915
3915,53916
3916,53917
3918,53919
3919,53920
3920,53921
3921,53922
3922,53923
3923,53924
3924,53925
3925,53926
3926,53927
3927,53928
3929,53930
3930,53931
3933,53934
3934,53935
3935,53936
3937,53938
3938,53939
3939,53940
3941,53942
3942,53943
3943,53944
3944,53945
3945,53946
3947,53948
3949,53950
3950,53951
3951,53952
3952,53953
3953,53954
3955,53956
3956,53957
3957,53958
3958,53959
3959,53960
3961,53962
3962,53963
3963,53964
3964,53965
3965,53966
3966,53967
3969,53970
3970,53971
3971,53972
3972,53973
3974,53975
3975,53976
3976,53977
3977,53978
3978,53979
3979,53980
3980,53981
3981,53982
3983,53984
3984,53985
3985,53986
3986,53987
3987,53988
3988,53989
3989,53990
3990,53991
3993,53994
3995,53996
3996,53997
3997,53998
3998,53999
3999,54000
4000,54001
4001,54002
4002,54003
4003,54004
4004,54005
4005,54006
4007,54008
4008,54009
4009,54010
4010,54011
4011,54012
4012,54013
4013,54014
4014,54015
4015,54016
4016,54017
4018,54019
4019,54020
4021,54022
4023,54024
4024,54025
4026,54027
4027,54028
4028,54029
4029,54030
4030,54031
4031,54032
4032,54033
4033,54034
4034,54035
4035,54036
4036,54037
4037,54038
4038,54039
4041,54042
4043,54044
4044,54045
4045,54046
4046,54047
4048,54049
4049,54050
4050,54051
4051,54052
4052,54053
4054,54055
4055,54056
4057,54058
4058,54059
4059,54060
4060,54061
4061,54062
4062,54063
4063,54064
4064,54065
4065,54066
4066,54067
4067,54068
4068,54069
4069,54070
4070,54071
4071,54072
4073,54074
4075,54076
4078,54079
4080,54081
4081,54082
4082,54083
4083,54084
4084,54085
4085,54086
4086,54087
4087,54088
4088,54089
4089,54090
4090,54091
4092,54093
4093,54094
4094,54095
4095,54096
4096,54097
4098,54099
4101,54102
4102,54103
4104,54105
4105,54106
4106,54107
4107,54108
4108,54109
4109,54110
4110,54111
4111,54112
4112,54113
4113,54114
4114,54115
4115,54116
4116,54117
4117,54118
4118,54119
4119,54120
4120,54121
4121,54122
4122,54123
4123,54124
4124,54125
4128,54129
4129,54130
4130,54131
4131,54132
4132,54133
4133,54134
4134,54135
4135,54136
4136,54137
4137,54138
4138,54139
4139,54140
4140,54141
4141,54142
4142,54143
4143,54144
4144,54145
4145,54146
4147,54148
4148,54149
4149,54150
4151,54152
4152,54153
4153,54154
4154,54155
4158,54159
4160,54161
4161,54162
4162,54163
4164,54165
4165,54166
4166,54167
4167,54168
4168,54169
4169,54170
4171,54172
4172,54173
4173,54174
4174,54175
4176,54177
4177,54178
4178,54179
4180,54181
4182,54183
4183,54184
4184,54185
4185,54186
4186,54187
4187,54188
4188,54189
4190,54191
4192,54193
4193,54194
4194,54195
4195,54196
4196,54197
4197,54198
4198,54199
4199,54200
4200,54201
4203,54204
4204,54205
4206,54207
4207,54208
4209,54210
4210,54211
4211,54212
4212,54213
4213,54214
4215,54216
4216,54217
4217,54218
4218,54219
4219,54220
4220,54221
4221,54222
4223,54224
4224,54225
4225,54226
4226,54227
4227,54228
4228,54229
4229,54230
4230,54231
4232,54233
4233,54234
4234,54235
4236,54237
4238,54239
4240,54241
4241,54242
4243,54244
4244,54245
4245,54246
4246,54247
4248,54249
4250,54251
4251,54252
4252,54253
4253,54254
4254,54255
4255,54256
4257,54258
4258,54259
4259,54260
4260,54261
4261,54262
4263,54264
4264,54265
4265,54266
4266,54267
4267,54268
4268,54269
4269,54270
4270,54271
4271,54272
4272,54273
4273,54274
4274,54275
4277,54278
4278,54279
4279,54280
4280,54281
4281,54282
4282,54283
4284,54285
4285,54286
4286,54287
4288,54289
4289,54290
4291,54292
4293,54294
4294,54295
4295,54296
4296,54297
4298,54299
4299,54300
4300,54301
4301,54302
4302,54303
4303,54304
4304,54305
4305,54306
4306,54307
4307,54308
4308,54309
4309,54310
4310,54311
4311,54312
4312,54313
4313,54314
4315,54316
4317,54318
4320,54321
4322,54323
4323,54324
4324,54325
4325,54326
4326,54327
4327,54328
4329,54330
4330,54331
4331,54332
4332,54333
4333,54334
4336,54337
4337,54338
4338,54339
4339,54340
4340,54341
4342,54343
4343,54344
4344,54345
4345,54346
4346,54347
4347,54348
4348,54349
4349,54350
4350,54351
4351,54352
4352,54353
4353,54354
4354,54355
4355,54356
4356,54357
4357,54358
4358,54359
4359,54360
4360,54361
4361,54362
4363,54364
4366,54367
4367,54368
4369,54370
4370,54371
4372,54373
4373,54374
4374,54375
4375,54376
4376,54377
4378,54379
4379,54380
4380,54381
4382,54383
4385,54386
4386,54387
4387,54388
4388,54389
4389,54390
4390,54391
4394,54395
4395,54396
4396,54397
4397,54398
4398,54399
4400,54401
4401,54402
4402,54403
4403,54404
4404,54405
4405,54406
4406,54407
4407,54408
4408,54409
4409,54410
4410,54411
4411,54412
4412,54413
4413,54414
4414,54415
4415,54416
4416,54417
4417,54418
4418,54419
4419,54420
4420,54421
4421,54422
4422,54423
4423,54424
4425,54426
4427,54428
4428,54429
4430,54431
4431,54432
4433,54434
4434,54435
4435,54436
4436,54437
4437,54438
4438,54439
4439,54440
4440,54441
4441,54442
4442,54443
4443,54444
4444,54445
4445,54446
4446,54447
4447,54448
4448,54449
4449,54450
4450,54451
4451,54452
4452,54453
4455,54456
4456,54457
4457,54458
4458,54459
4459,54460
4460,54461
4461,54462
4462,54463
4463,54464
4464,54465
4465,54466
4466,54467
4469,54470
4470,54471
4471,54472
4473,54474
4474,54475
4475,54476
4476,54477
4477,54478
4478,54479
4480,54481
4481,54482
4482,54483
4483,54484
4485,54486
4486,54487
4487,54488
4488,54489
4489,54490
4490,54491
4491,54492
4493,54494
4494,54495
4495,54496
4500,54501
4501,54502
4502,54503
4503,54504
4504,54505
4505,54506
4508,54509
4510,54511
4512,54513
4513,54514
4514,54515
4515,54516
4516,54517
4517,54518
4518,54519
4519,54520
4520,54521
4521,54522
4522,54523
4523,54524
4524,54525
4525,54526
4526,54527
4527,54528
4528,54529
4529,54530
4530,54531
4532,54533
4533,54534
4535,54536
4536,54537
4538,54539
4539,54540
4540,54541
4542,54543
4543,54544
4544,54545
4545,54546
4547,54548
4549,54550
4550,54551
4551,54552
4552,54553
4553,54554
4554,54555
4555,54556
4556,54557
4557,54558
4558,54559
4559,54560
4560,54561
4561,54562
4563,54564
4564,54565
4565,54566
4566,54567
4567,54568
4568,54569
4569,54570
4571,54572
4572,54573
4573,54574
4574,54575
4575,54576
4576,54577
4577,54578
4578,54579
4579,54580
4580,54581
4581,54582
4582,54583
4583,54584
4584,54585
4585,54586
4586,54587
4587,54588
4589,54590
4590,54591
4591,54592
4592,54593
4593,54594
4595,54596
4596,54597
4597,54598
4598,54599
4599,54600
4601,54602
4602,54603
4603,54604
4605,54606
4606,54607
4607,54608
4608,54609
4609,54610
4610,54611
4611,54612
4612,54613
4613,54614
4614,54615
4615,54616
4616,54617
4618,54619
4619,54620
4620,54621
4621,54622
4622,54623
4623,54624
4625,54626
4626,54627
4628,54629
4631,54632
4633,54634
4634,54635
4635,54636
4637,54638
4638,54639
4639,54640
4640,54641
4642,54643
4643,54644
4644,54645
4645,54646
4646,54647
4647,54648
4649,54650
4650,54651
4652,54653
4653,54654
4654,54655
4655,54656
4656,54657
4657,54658
4658,54659
4659,54660
4660,54661
4661,54662
4662,54663
4663,54664
4664,54665
4665,54666
4666,54667
4667,54668
4668,54669
4669,54670
4670,54671
4671,54672
4672,54673
4673,54674
4674,54675
4675,54676
4677,54678
4678,54679
4680,54681
4681,54682
4683,54684
4684,54685
4685,54686
4686,54687
4687,54688
4688,54689
4689,54690
4690,54691
4691,54692
4692,54693
4693,54694
4695,54696
4696,54697
4697,54698
4698,54699
4699,54700
4700,54701
4701,54702
4702,54703
4703,54704
4704,54705
4705,54706
4706,54707
4707,54708
4710,54711
4711,54712
4712,54713
4713,54714
4714,54715
4715,54716
4716,54717
4718,54719
4720,54721
4722,54723
4723,54724
4724,54725
4725,54726
4726,54727
4727,54728
4728,54729
4729,54730
4730,54731
4731,54732
4732,54733
4733,54734
4734,54735
4735,54736
4736,54737
4737,54738
4739,54740
4740,54741
4741,54742
4742,54743
4744,54745
4746,54747
4747,54748
4748,54749
4750,54751
4751,54752
4752,54753
4753,54754
4754,54755
4757,54758
4759,54760
4760,54761
4761,54762
4762,54763
4763,54764
4764,54765
4765,54766
4766,54767
4767,54768
4768,54769
4770,54771
4771,54772
4772,54773
4773,54774
4775,54776
4776,54777
4778,54779
4779,54780
4780,54781
4781,54782
4783,54784
4784,54785
4785,54786
4787,54788
4788,54789
4790,54791
4791,54792
4792,54793
4793,54794
4794,54795
4796,54797
4797,54798
4798,54799
4799,54800
4801,54802
4804,54805
4806,54807
4808,54809
4809,54810
4811,54812
4812,54813
4813,54814
4814,54815
4815,54816
4817,54818
4818,54819
4819,54820
4820,54821
4821,54822
4822,54823
4823,54824
4824,54825
4825,54826
4826,54827
4827,54828
4828,54829
4829,54830
4830,54831
4832,54833
4833,54834
4834,54835
4835,54836
4836,54837
4837,54838
4838,54839
4839,54840
4840,54841
4841,54842
4842,54843
4843,54844
4844,54845
4845,54846
4846,54847
4848,54849
4849,54850
4850,54851
4852,54853
4853,54854
4854,54855
4855,54856
4856,54857
4857,54858
4858,54859
4860,54861
4861,54862
4862,54863
4863,54864
4864,54865
4866,54867
4867,54868
4868,54869
4871,54872
4873,54874
4874,54875
4875,54876
4876,54877
4877,54878
4880,54881
4881,54882
4882,54883
4883,54884
4885,54886
4886,54887
4887,54888
4888,54889
4890,54891
4891,54892
4894,54895
4895,54896
4896,54897
4899,54900
4901,54902
4902,54903
4904,54905
4905,54906
4906,54907
4907,54908
4908,54909
4910,54911
4911,54912
4914,54915
4915,54916
4916,54917
4918,54919
4919,54920
4920,54921
4921,54922
4923,54924
4924,54925
4925,54926
4927,54928
4930,54931
4931,54932
4932,54933
4934,54935
4935,54936
4936,54937
4937,54938
4940,54941
4941,54942
4942,54943
4943,54944
4944,54945
4945,54946
4946,54947
4948,54949
4949,54950
4950,54951
4951,54952
4953,54954
4954,54955
4955,54956
4957,54958
4958,54959
4959,54960
4960,54961
4962,54963
4964,54965
4966,54967
4967,54968
4969,54970
4970,54971
4973,54974
4974,54975
4975,54976
4976,54977
4977,54978
4978,54979
4979,54980
4982,54983
4984,54985
4986,54987
4987,54988
4988,54989
4990,54991
4991,54992
4992,54993
4995,54996
4996,54997
4997,54998
4998,54999
4999,55000
5001,55002
5002,55003
5003,55004
5004,55005
5005,55006
5006,55007
5007,55008
5009,55010
5010,55011
5011,55012
5012,55013
5013,55014
5014,55015
5015,55016
5016,55017
5018,55019
5019,55020
5020,55021
5022,55023
5023,55024
5024,55025
5025,55026
5026,55027
5027,55028
5029,55030
5031,55032
5032,55033
5033,55034
5034,55035
5036,55037
5037,55038
5038,55039
5039,55040
5040,55041
5041,55042
5042,55043
5043,55044
5044,55045
5047,55048
5048,55049
5049,55050
5050,55051
5052,55053
5053,55054
5054,55055
5055,55056
5056,55057
5057,55058
5058,55059
5059,55060
5061,55062
5064,55065
5065,55066
5068,55069
5069,55070
5070,55071
5071,55072
5072,55073
5073,55074
5075,55076
5076,55077
5077,55078
5078,55079
5079,55080
5080,55081
5084,55085
5085,55086
5087,55088
5088,55089
5090,55091
5091,55092
5092,55093
5094,55095
5095,55096
5096,55097
5097,55098
5098,55099
5099,55100
5100,55101
5101,55102
5104,55105
5105,55106
5107,55108
5108,55109
5110,55111
5111,55112
5112,55113
5113,55114
5114,55115
5116,55117
5117,55118
5118,55119
5119,55120
5120,55121
5122,55123
5124,55125
5125,55126
5126,55127
5127,55128
5128,55129
5129,55130
5130,55131
5132,55133
5133,55134
5134,55135
5135,55136
5136,55137
5137,55138
5139,55140
5140,55141
5141,55142
5143,55144
5144,55145
5145,55146
5147,55148
5148,55149
5149,55150
5151,55152
5152,55153
5154,55155
5155,55156
5156,55157
5157,55158
5158,55159
5159,55160
5161,55162
5162,55163
5163,55164
5165,55166
5166,55167
5167,55168
5168,55169
5169,55170
5170,55171
5171,55172
5173,55174
5174,55175
5177,55178
5178,55179
5180,55181
5182,55183
5184,55185
5185,55186
5186,55187
5187,55188
5189,55190
5190,55191
5191,55192
5192,55193
5193,55194
5194,55195
5195,55196
5196,55197
5197,55198
5198,55199
5200,55201
5202,55203
5203,55204
5204,55205
5205,55206
5206,55207
5207,55208
5208,55209
5209,55210
5210,55211
5211,55212
5212,55213
5213,55214
5214,55215
5215,55216
5217,55218
5218,55219
5219,55220
5220,55221
5222,55223
5223,55224
5224,55225
5225,55226
5226,55227
5227,55228
5229,55230
5230,55231
5231,55232
5232,55233
5233,55234
5235,55236
5236,55237
5237,55238
5239,55240
5241,55242
5242,55243
5245,55246
5246,55247
5247,55248
5248,55249
5249,55250
5250,55251
5251,55252
5252,55253
5253,55254
5254,55255
5255,55256
5256,55257
5257,55258
5258,55259
5260,55261
5261,55262
5262,55263
5264,55265
5265,55266
5266,55267
5268,55269
5269,55270
5274,55275
5275,55276
5276,55277
5277,55278
5278,55279
5280,55281
5281,55282
5282,55283
5284,55285
5285,55286
5286,55287
5287,55288
5288,55289
5290,55291
5291,55292
5292,55293
5293,55294
5294,55295
5295,55296
5296,55297
5297,55298
5298,55299
5299,55300
5300,55301
5301,55302
5302,55303
5303,55304
5304,55305
5306,55307
5307,55308
5308,55309
5309,55310
5310,55311
5311,55312
5312,55313
5314,55315
5316,55317
5317,55318
5318,55319
5319,55320
5320,55321
5321,55322
5322,55323
5323,55324
5324,55325
5325,55326
5326,55327
5327,55328
5328,55329
5329,55330
5332,55333
5333,55334
5334,55335
5335,55336
5336,55337
5339,55340
5340,55341
5341,55342
5342,55343
5343,55344
5344,55345
5345,55346
5347,55348
5348,55349
5350,55351
5351,55352
5352,55353
5353,55354
5354,55355
5355,55356
5356,55357
5357,55358
5358,55359
5359,55360
5360,55361
5362,55363
5363,55364
5364,55365
5365,55366
5366,55367
5367,55368
5368,55369
5369,55370
5370,55371
5371,55372
5372,55373
5373,55374
5374,55375
5375,55376
5376,55377
5377,55378
5378,55379
5379,55380
5380,55381
5381,55382
5382,55383
5383,55384
5384,55385
5385,55386
5387,55388
5390,55391
5391,55392
5392,55393
5393,55394
5394,55395
5396,55397
5398,55399
5399,55400
5400,55401
5401,55402
5403,55404
5404,55405
5405,55406
5407,55408
5409,55410
5410,55411
5411,55412
5413,55414
5414,55415
5415,55416
5416,55417
5417,55418
5418,55419
5421,55422
5422,55423
5423,55424
5424,55425
5425,55426
5426,55427
5427,55428
5428,55429
5429,55430
5431,55432
5432,55433
5434,55435
5437,55438
5438,55439
5439,55440
5440,55441
5441,55442
5442,55443
5443,55444
5444,55445
5445,55446
5447,55448
5448,55449
5451,55452
5452,55453
5453,55454
5454,55455
5456,55457
5457,55458
5458,55459
5459,55460
5460,55461
5463,55464
5464,55465
5465,55466
5466,55467
5467,55468
5468,55469
5469,55470
5471,55472
5473,55474
5474,55475
5475,55476
5476,55477
5477,55478
5478,55479
5479,55480
5481,55482
5482,55483
5483,55484
5485,55486
5486,55487
5487,55488
5488,55489
5489,55490
5491,55492
5492,55493
5493,55494
5494,55495
5495,55496
5496,55497
5497,55498
5499,55500
5500,55501
5501,55502
5502,55503
5503,55504
5504,55505
5505,55506
5507,55508
5508,55509
5509,55510
5510,55511
5511,55512
5512,55513
5513,55514
5514,55515
5515,55516
5516,55517
5517,55518
5520,55521
5521,55522
5523,55524
5524,55525
5525,55526
5526,55527
5527,55528
5528,55529
5529,55530
5531,55532
5532,55533
5533,55534
5534,55535
5535,55536
5536,55537
5537,55538
5538,55539
5541,55542
5542,55543
5543,55544
5544,55545
5545,55546
5546,55547
5547,55548
5548,55549
5549,55550
5550,55551
5551,55552
5552,55553
5553,55554
5555,55556
5556,55557
5557,55558
5558,55559
5559,55560
5560,55561
5561,55562
5563,55564
5564,55565
5565,55566
5566,55567
5567,55568
5568,55569
5569,55570
5570,55571
5571,55572
5572,55573
5573,55574
5575,55576
5578,55579
5579,55580
5581,55582
5583,55584
5584,55585
5585,55586
5586,55587
5588,55589
5589,55590
5590,55591
5591,55592
5592,55593
5593,55594
5594,55595
5595,55596
5596,55597
5597,55598
5598,55599
5599,55600
5600,55601
5601,55602
5602,55603
5603,55604
5604,55605
5605,55606
5606,55607
5607,55608
5608,55609
5609,55610
5610,55611
5612,55613
5613,55614
5616,55617
5617,55618
5618,55619
5619,55620
5620,55621
5623,55624
5625,55626
5626,55627
5627,55628
5628,55629
5629,55630
