CustomerID,proba_churn,segmento_intervencion,Churn,Tenure,SatisfactionScore,Complain,OrderCount,DaySinceLastOrder,CashbackAmount
50339,0.9601093999442059,Alta prioridad,1,0,2,1,1,0,123
52920,0.9564232817541374,Alta prioridad,1,1,2,1,2,2,149
53076,0.954427783150853,Alta prioridad,1,1,2,1,2,1,148
51189,0.9474489071240416,Alta prioridad,1,0,5,1,2,0,123
52343,0.9471471362072117,Alta prioridad,1,0,3,1,7,7,124
52984,0.9423225079589185,Alta prioridad,1,1,2,1,8,5,183
52055,0.9411316322628841,Alta prioridad,1,0,5,1,1,2,123
50199,0.9399387328186706,Alta prioridad,1,0,2,1,2,2,135
54484,0.9366168174395864,Alta prioridad,1,1,1,1,3,3,160
50787,0.9365889059859444,Alta prioridad,1,0,2,1,1,0,111
52788,0.9340564242010325,Alta prioridad,1,0,1,1,2,2,148
54923,0.9310732756479001,Alta prioridad,1,1,5,1,2,3,145
54518,0.926593154096624,Alta prioridad,1,1,4,1,2,3,147
53048,0.9250593926677371,Alta prioridad,1,1,4,1,2,3,147
51575,0.9245988152104723,Alta prioridad,1,0,1,1,1,1,124
54844,0.9196155111367759,Alta prioridad,1,1,4,1,2,1,149
52404,0.9174729587602921,Alta prioridad,1,0,4,1,10,10,146
53305,0.9146106192267973,Alta prioridad,1,1,3,1,2,8,149
55474,0.9133446870563929,Alta prioridad,1,1,5,1,3,1,148
50607,0.9069091075794536,Alta prioridad,1,0,5,1,1,0,126
50652,0.9014836987695242,Alta prioridad,1,0,2,1,1,2,123
55219,0.9013864600052078,Alta prioridad,1,1,4,1,11,11,171
52122,0.8974089475664639,Alta prioridad,1,0,1,1,1,2,123
50564,0.8969065715614238,Alta prioridad,1,9,4,1,1,0,121
50017,0.8954042795415208,Alta prioridad,1,0,2,1,1,0,129
53105,0.8947740446582011,Alta prioridad,1,1,4,1,2,5,157
50490,0.8922095427208008,Alta prioridad,1,0,3,1,1,7,124
54187,0.8847920209580654,Alta prioridad,1,1,5,1,7,8,164
50532,0.8770568977246501,Alta prioridad,1,0,2,1,1,1,128
51991,0.8720204687440174,Alta prioridad,1,0,3,1,1,2,128
52029,0.8702397761527609,Alta prioridad,1,0,4,1,1,0,124
54604,0.8681683059733273,Alta prioridad,1,1,3,0,2,3,164
51043,0.8656277026571638,Alta prioridad,1,0,1,1,2,2,154
51149,0.8639948360224936,Alta prioridad,1,0,5,1,1,0,124
51112,0.8540250358370807,Alta prioridad,1,0,5,1,2,2,161
52595,0.8480768879098325,Alta prioridad,1,0,4,0,2,2,128
55238,0.8447794908178544,Alta prioridad,1,1,5,0,2,8,149
52672,0.8445211334210737,Alta prioridad,1,0,4,1,2,2,199
53988,0.8403799406953264,Alta prioridad,1,1,4,1,2,5,146
53724,0.8396074578064443,Alta prioridad,1,1,4,0,5,8,199
51202,0.8381126842986061,Alta prioridad,1,0,4,1,2,2,199
52833,0.8344838579303242,Alta prioridad,1,1,3,1,2,4,182
53533,0.8336592006443554,Alta prioridad,1,1,2,1,2,1,150
53327,0.8325993025767908,Alta prioridad,1,1,4,1,8,9,145
51789,0.8301289001482353,Alta prioridad,1,0,3,0,1,2,139
50381,0.825665078263208,Alta prioridad,0,0,2,1,1,2,127
55173,0.8246522024376484,Alta prioridad,1,1,3,0,2,1,139
52883,0.8218120485101622,Alta prioridad,1,1,3,1,2,2,184
53707,0.8181303096781322,Alta prioridad,1,1,4,0,2,1,138
50086,0.8180321922983095,Alta prioridad,1,0,2,0,9,8,204
53519,0.8155001302104629,Alta prioridad,1,1,3,0,2,1,144
54666,0.8152229972714862,Alta prioridad,0,1,1,1,2,3,81
50046,0.8137976941005524,Alta prioridad,0,0,4,1,1,1,131
51761,0.8117147842157505,Alta prioridad,1,0,3,0,1,0,124
51131,0.8111991689008196,Alta prioridad,1,0,5,1,1,0,186
52108,0.8096548025922129,Alta prioridad,1,9,5,1,1,2,120
52238,0.8089014017595225,Alta prioridad,1,9,4,1,1,0,119
54353,0.8059581253759863,Alta prioridad,1,1,3,1,2,2,184
53940,0.8054167934256796,Alta prioridad,1,1,4,0,3,3,153
51596,0.8045163534714842,Alta prioridad,1,0,3,0,1,0,200
50933,0.801744799283029,Alta prioridad,1,0,4,0,1,0,158
51266,0.8000997812091606,Alta prioridad,1,0,1,0,1,3,124
51851,0.7999060496649577,Alta prioridad,0,0,1,1,1,2,56
55107,0.7987405535668366,Alta prioridad,1,4,4,1,2,3,216
53672,0.7967459169322023,Alta prioridad,1,1,3,1,4,3,171
52175,0.794908102634842,Alta prioridad,1,0,5,1,1,3,182
55418,0.7937811890059584,Alta prioridad,1,1,3,0,2,1,207
51415,0.7877610569505378,Alta prioridad,1,0,3,1,1,0,134
53130,0.7869006040760727,Alta prioridad,1,1,3,0,2,3,223
51073,0.7852889248949915,Alta prioridad,0,0,5,0,1,2,127
52015,0.7820516340989428,Alta prioridad,1,2,5,1,2,2,124
50449,0.7775717034307509,Alta prioridad,1,0,5,0,1,2,153
55557,0.7763256708746088,Alta prioridad,1,17,5,1,3,3,229
51919,0.7751839874618831,Alta prioridad,1,0,5,0,1,2,153
54104,0.771807117239189,Alta prioridad,0,1,3,1,2,3,165
54230,0.7644300638657157,Alta prioridad,1,1,3,1,2,1,159
52431,0.7586350227087464,Alta prioridad,1,0,3,0,7,7,141
50019,0.7581454879736667,Alta prioridad,1,0,3,1,1,6,161
50298,0.7559073665809584,Alta prioridad,1,0,2,0,1,0,126
53703,0.7548173247435388,Alta prioridad,1,1,3,0,2,1,139
55298,0.7510148821502647,Alta prioridad,0,1,3,1,2,4,153
50315,0.7477893302433907,Alta prioridad,1,0,3,0,1,0,198
53160,0.7432414798364078,Alta prioridad,1,1,3,0,2,3,172
52331,0.7422075257276071,Alta prioridad,1,0,3,1,6,7,162
52819,0.7416075225765688,Alta prioridad,1,1,5,0,2,4,159
51716,0.7390547363092608,Alta prioridad,1,0,4,0,1,0,127
50258,0.7360665484916845,Alta prioridad,1,0,5,0,1,4,131
50861,0.7335928151420633,Alta prioridad,1,0,3,1,6,7,162
51044,0.7329272325132865,Alta prioridad,0,0,1,1,1,3,138
50705,0.7314883699034331,Alta prioridad,1,0,5,1,1,3,182
52583,0.7308745970748798,Alta prioridad,1,0,4,0,1,0,167
51370,0.7297533201285489,Alta prioridad,1,0,5,0,1,3,130
52292,0.728792034197585,Alta prioridad,1,3,4,1,1,0,191
54531,0.7271154039773474,Alta prioridad,1,1,4,0,2,1,152
53752,0.7219044470675147,Alta prioridad,0,1,4,0,2,1,145
54182,0.7216834284965918,Alta prioridad,1,1,5,0,2,4,159
52514,0.7178932891155861,Alta prioridad,0,0,1,1,1,3,138
50316,0.7170946835189902,Alta prioridad,1,0,5,1,1,2,200
51944,0.7109631453485864,Alta prioridad,1,0,3,0,2,1,144
54462,0.7102026993364889,Alta prioridad,0,1,3,0,2,1,137
53483,0.7090677094582035,Alta prioridad,1,1,3,0,4,9,170
55021,0.7085380562936332,Alta prioridad,1,1,1,1,2,1,154
53286,0.7084166820203253,Alta prioridad,1,21,4,1,14,9,317
52452,0.7014196315625051,Alta prioridad,1,0,5,0,6,7,197
50371,0.6981845245709131,Alta prioridad,1,0,5,0,1,2,130
50882,0.6977148773696256,Alta prioridad,1,0,5,0,1,3,143
52955,0.6951799477728892,Alta prioridad,1,1,3,0,2,1,160
50582,0.6873660157093829,Alta prioridad,1,3,4,1,2,0,232
50637,0.6852472655620145,Alta prioridad,1,0,3,0,1,0,148
53547,0.6829262998538812,Alta prioridad,0,1,3,0,2,3,155
54641,0.6817686806092803,Alta prioridad,1,1,5,0,2,1,145
54746,0.6780541109324665,Alta prioridad,1,1,5,1,2,1,141
50488,0.6755537127293745,Alta prioridad,0,1,4,1,7,5,148
51138,0.6752467163556639,Alta prioridad,1,6,3,1,1,0,124
50196,0.6748573578915744,Alta prioridad,0,0,3,1,1,4,145
53861,0.6738193152846534,Alta prioridad,0,1,1,0,2,3,151
51046,0.6665129425704867,Alta prioridad,0,0,1,0,1,2,126
55222,0.663817984451639,Alta prioridad,0,1,4,0,2,1,145
53606,0.6624393173549243,Alta prioridad,1,1,3,0,3,3,151
52896,0.6622568335685827,Alta prioridad,1,1,2,0,2,10,201
52868,0.6595853108588812,Alta prioridad,1,1,2,0,2,1,136
55076,0.6573006105396988,Alta prioridad,1,1,3,0,3,3,151
50401,0.6566530340456235,Alta prioridad,1,0,3,0,2,0,146
51080,0.650990006088909,Alta prioridad,1,11,3,1,7,7,127
52699,0.6505036646718824,Alta prioridad,1,9,5,1,3,0,123
50510,0.6500906919650022,Alta prioridad,0,0,5,1,1,3,142
50901,0.6484863598701532,Alta prioridad,0,0,3,1,1,3,142
54481,0.645229962614994,Alta prioridad,0,1,3,1,2,5,170
52138,0.641790645574775,Alta prioridad,1,0,3,0,3,8,145
51309,0.6408762453322464,Alta prioridad,0,0,3,1,1,4,149
52895,0.6385215820001373,Alta prioridad,1,2,5,1,2,1,192
50494,0.6371974587196896,Alta prioridad,0,0,5,0,1,1,134
51173,0.6305628365557342,Alta prioridad,1,9,4,1,1,4,121
52891,0.6299074761064124,Alta prioridad,0,1,5,0,3,1,168
52267,0.6293872855378634,Alta prioridad,0,9,3,1,1,2,122
50655,0.6258243349306336,Alta prioridad,1,14,3,1,2,7,125
51660,0.6252209855640544,Alta prioridad,0,0,5,1,11,10,271
55074,0.6231652509964295,Alta prioridad,1,9,4,1,2,12,313
50512,0.6224631458668807,Alta prioridad,1,9,4,1,7,8,120
50372,0.6224242625740345,Alta prioridad,0,0,3,0,1,2,134
53357,0.6198259285903138,Alta prioridad,1,1,3,1,2,3,167
53723,0.6167674843172654,Alta prioridad,1,3,5,1,2,1,161
54621,0.6165499308177156,Alta prioridad,0,1,3,0,2,1,168
52187,0.6149106909739946,Alta prioridad,0,0,4,0,1,2,136
54397,0.6121083942936778,Alta prioridad,1,1,5,0,2,8,152
52882,0.6116387804830989,Alta prioridad,0,1,4,0,2,4,148
52161,0.6096361150987175,Alta prioridad,0,9,4,1,2,2,121
52779,0.6011318476692357,Alta prioridad,0,0,3,1,1,4,149
50732,0.6007800958799525,Alta prioridad,0,0,3,0,1,2,130
54878,0.5997236785363532,Alta prioridad,0,1,4,0,3,3,153
52009,0.5930977840062499,Alta prioridad,1,0,1,0,1,0,127
54846,0.5917309578511031,Alta prioridad,0,1,5,0,2,8,168
55082,0.5916586003845685,Alta prioridad,0,2,3,1,2,3,147
51743,0.5900872481349758,Alta prioridad,0,0,1,1,1,3,145
51552,0.589695858845328,Alta prioridad,0,0,4,1,2,2,123
54124,0.5884215974190012,Alta prioridad,0,1,3,1,2,5,174
50707,0.5874208785679483,Alta prioridad,1,0,3,0,2,2,126
53309,0.5871264091811579,Alta prioridad,0,1,5,0,2,2,159
54184,0.586267199194331,Alta prioridad,0,1,1,0,2,1,137
54361,0.5840826728155892,Alta prioridad,0,1,5,0,3,1,168
55594,0.5818164918112521,Alta prioridad,0,1,3,1,2,5,174
54597,0.5815928131601195,Alta prioridad,1,1,1,0,2,4,159
52349,0.5803052115269763,Alta prioridad,0,0,1,0,1,2,132
54708,0.5765805750894488,Alta prioridad,1,6,3,1,3,3,153
53127,0.5762347896715379,Alta prioridad,1,1,2,0,2,4,159
55164,0.5744024164579195,Alta prioridad,0,1,1,0,2,3,157
53376,0.5734241093843854,Alta prioridad,0,1,5,0,2,8,168
53059,0.5721554676584504,Alta prioridad,1,4,3,1,2,1,189
52063,0.5715741787560528,Alta prioridad,0,0,4,0,2,2,128
54940,0.5702264017146343,Alta prioridad,1,15,3,1,3,8,150
53301,0.5692980988423374,Alta prioridad,0,1,2,1,2,9,253
53657,0.5642376539708586,Alta prioridad,1,21,5,1,6,3,225
50058,0.5641164280106837,Alta prioridad,1,4,4,1,1,2,131
50256,0.5638384722445174,Alta prioridad,0,0,3,1,1,3,143
53088,0.5613649906882432,Alta prioridad,0,1,2,1,2,4,170
51363,0.5589340954360962,Alta prioridad,0,0,1,1,1,0,129
51387,0.5569026279057746,Alta prioridad,0,0,5,0,1,0,123
50416,0.5546504954310894,Alta prioridad,1,9,4,1,3,7,122
51896,0.5503633078216548,Alta prioridad,0,0,5,0,1,2,125
53813,0.5495593984521433,Alta prioridad,0,3,5,1,2,6,172
53228,0.5478160923578996,Alta prioridad,0,1,5,0,2,3,213
51219,0.5354413224897557,Alta prioridad,0,9,5,0,1,2,121
51389,0.5334841617682745,Alta prioridad,0,0,3,0,1,7,187
52965,0.5322663764433817,Alta prioridad,0,1,3,0,2,1,157
54885,0.5319444001682405,Alta prioridad,0,1,3,0,4,3,169
53257,0.5316859512922457,Alta prioridad,1,11,3,1,2,4,189
51298,0.5299024954061577,Alta prioridad,0,8,3,1,2,2,127
53415,0.5261802707013343,Alta prioridad,0,1,3,0,4,3,169
54747,0.5260490126498988,Alta prioridad,0,1,4,0,2,1,152
50486,0.5258520286194844,Alta prioridad,0,0,2,1,1,3,228
54961,0.5243985604285074,Alta prioridad,1,1,4,0,2,1,151
51072,0.5232362068873451,Alta prioridad,0,14,3,1,1,2,171
54727,0.5213734027918366,Alta prioridad,1,11,3,1,2,4,189
54799,0.5188217501147213,Alta prioridad,0,1,5,0,2,4,168
51258,0.5166074742903658,Alta prioridad,0,4,5,1,2,3,131
52873,0.5153728690791393,Alta prioridad,1,5,4,1,2,3,156
52222,0.5135626603216149,Alta prioridad,0,0,1,0,2,2,127
50740,0.5109811936922264,Alta prioridad,1,9,5,0,1,0,121
52316,0.5096964523597152,Alta prioridad,0,0,1,0,1,0,125
54077,0.5076140542799082,Alta prioridad,0,1,5,0,8,7,154
50020,0.5030561686250191,Alta prioridad,1,19,4,1,4,3,150
53504,0.5013013330834094,Alta prioridad,1,3,2,0,2,6,247
52134,0.5005268088878736,Alta prioridad,0,1,3,0,1,7,137
53241,0.4995541055445171,Media prioridad,0,1,5,0,2,3,150
50483,0.49902102232131085,Media prioridad,1,12,2,0,7,7,177
52769,0.4987872827054584,Media prioridad,0,0,3,0,1,2,134
53364,0.4974581030919733,Media prioridad,0,7,5,1,2,3,153
54270,0.495273721042491,Media prioridad,0,1,1,0,2,1,154
52596,0.4937949507671961,Media prioridad,0,2,3,1,1,2,163
51126,0.4931855014736301,Media prioridad,0,2,3,1,1,2,163
50807,0.4931047105020972,Media prioridad,0,3,3,1,1,7,147
51045,0.49047755544413946,Media prioridad,0,0,3,0,1,2,135
53346,0.4901582014612553,Media prioridad,0,7,4,1,2,4,148
55192,0.4896681849905847,Media prioridad,1,10,1,0,5,3,226
51278,0.48860177109460423,Media prioridad,0,4,1,1,1,0,111
52277,0.48262020683572115,Media prioridad,0,3,3,1,1,7,147
51715,0.48117977259257494,Media prioridad,0,4,4,1,2,2,127
55568,0.4770292036225752,Media prioridad,0,1,3,0,2,3,171
53562,0.47531536320496043,Media prioridad,1,1,4,0,2,1,147
53306,0.4703512206861966,Media prioridad,0,1,2,0,2,1,142
50170,0.47023053773968904,Media prioridad,0,10,2,1,1,2,123
52311,0.4670930064338896,Media prioridad,0,0,1,0,1,2,137
51213,0.466515406684493,Media prioridad,0,1,4,0,1,0,129
51299,0.46545754488961877,Media prioridad,0,0,3,0,1,2,134
51714,0.46391091287338837,Media prioridad,1,3,3,1,1,0,164
54283,0.45965444171781017,Media prioridad,1,20,4,1,5,4,175
50786,0.4575588960141165,Media prioridad,0,9,3,0,1,1,112
52958,0.4565314949715347,Media prioridad,0,1,5,0,2,6,165
55384,0.45638220091878745,Media prioridad,1,11,3,0,2,11,254
51862,0.4557458862194629,Media prioridad,0,0,5,0,1,2,128
52110,0.4535031625749126,Media prioridad,0,1,4,0,1,0,111
53030,0.4522607541552034,Media prioridad,0,1,4,0,2,8,187
54636,0.4507644361559992,Media prioridad,0,1,4,0,2,5,188
54202,0.4506449446993345,Media prioridad,0,1,5,0,2,1,148
53166,0.44933516614117247,Media prioridad,0,1,4,0,2,5,188
53550,0.44893173451713253,Media prioridad,0,3,2,1,2,4,147
52569,0.44775489436031235,Media prioridad,1,10,3,0,14,3,229
54930,0.43779480272281424,Media prioridad,0,1,3,0,2,4,145
50928,0.43684065322073173,Media prioridad,0,9,3,0,1,0,113
53321,0.43626836817149095,Media prioridad,0,1,2,0,3,3,173
53921,0.4332924825129416,Media prioridad,0,1,5,0,2,3,164
55020,0.43307607065629766,Media prioridad,0,3,1,1,2,4,147
50778,0.42708727014091563,Media prioridad,0,0,3,0,1,3,125
55159,0.42443892856696663,Media prioridad,0,1,1,0,2,2,164
50673,0.421640134696893,Media prioridad,1,0,3,0,1,0,124
54432,0.41855272736678517,Media prioridad,1,11,4,1,2,10,243
53358,0.41809878638123366,Media prioridad,1,5,2,1,2,1,153
53555,0.41669280674637066,Media prioridad,1,5,5,0,2,1,146
51480,0.4154025731993083,Media prioridad,0,0,3,0,5,7,129
54034,0.41449193790238736,Media prioridad,0,3,5,0,2,3,146
50038,0.41415260286829353,Media prioridad,0,1,2,0,1,2,127
54019,0.4089612097571592,Media prioridad,0,1,3,0,6,9,160
50022,0.40821750183062727,Media prioridad,1,20,2,0,15,6,203
53299,0.4066523631536921,Media prioridad,1,19,2,0,8,4,177
51249,0.39786668119057667,Media prioridad,0,9,4,1,1,7,121
50012,0.39565956419542503,Media prioridad,1,11,3,1,1,0,154
53161,0.3951780166600101,Media prioridad,0,1,2,0,3,2,149
52837,0.3917312522264187,Media prioridad,1,21,2,0,16,3,228
52290,0.390406170751603,Media prioridad,0,1,1,0,7,5,167
50865,0.38441240210691513,Media prioridad,0,10,3,1,1,3,130
51199,0.3842544601650318,Media prioridad,0,1,1,0,2,2,127
51954,0.38268497148778435,Media prioridad,1,18,1,0,7,3,152
50744,0.3823057894218371,Media prioridad,0,1,5,0,3,3,132
54286,0.38029300096669355,Media prioridad,0,1,4,0,5,4,149
50887,0.37958790855205443,Media prioridad,0,9,4,1,1,1,193
55272,0.378565955914474,Media prioridad,1,17,1,0,2,3,227
53803,0.37819123666868704,Media prioridad,1,2,4,0,2,5,174
50949,0.37598559497517203,Media prioridad,0,1,4,0,1,7,165
50800,0.3754857464219982,Media prioridad,0,8,3,1,2,2,135
50917,0.3741024042764233,Media prioridad,0,1,5,0,1,3,185
54161,0.3731718873628608,Media prioridad,1,5,1,1,2,6,185
55554,0.3713255172763156,Media prioridad,0,1,1,0,2,8,166
51471,0.37117510722968583,Media prioridad,0,0,4,0,4,3,124
50793,0.3703308910896378,Media prioridad,0,7,5,1,1,2,145
52822,0.3689470227598165,Media prioridad,1,3,2,0,2,1,146
51976,0.368225778150788,Media prioridad,0,0,1,0,2,2,148
55032,0.36580495358030096,Media prioridad,1,1,4,0,2,1,147
51169,0.36190908812861283,Media prioridad,0,16,3,0,1,2,124
51508,0.3611987097473983,Media prioridad,0,1,1,0,1,2,127
51048,0.3573285550466231,Media prioridad,0,2,3,0,1,4,159
54544,0.355915363648037,Media prioridad,0,1,4,0,2,3,147
52256,0.3546672784651826,Media prioridad,0,9,3,0,1,1,112
51028,0.34784391108288504,Media prioridad,0,0,1,0,2,2,131
50362,0.34658890694712147,Media prioridad,0,10,3,1,1,0,196
53316,0.34502375165749194,Media prioridad,0,19,5,1,2,3,233
55620,0.3422594272197436,Media prioridad,0,3,4,1,2,4,165
51899,0.3412022372576573,Media prioridad,0,13,1,1,2,3,123
52095,0.33834481119681137,Media prioridad,1,15,1,0,6,9,298
54269,0.33813571677146803,Media prioridad,0,1,1,0,3,2,154
52679,0.3374199629316088,Media prioridad,1,9,4,0,1,7,173
50131,0.33706757020712463,Media prioridad,0,0,3,0,1,2,149
52969,0.33530669972586014,Media prioridad,0,1,4,0,2,5,189
50422,0.3346224265282973,Media prioridad,0,2,3,0,1,0,126
54924,0.3343983125323073,Media prioridad,0,8,3,1,2,1,147
54416,0.3337361759578421,Media prioridad,0,1,3,0,2,3,174
54297,0.3325722851023783,Media prioridad,1,15,1,0,2,4,232
54257,0.33240282939036603,Media prioridad,0,1,3,0,2,3,175
55494,0.33016555432912553,Media prioridad,1,10,4,0,2,8,198
50623,0.32808516575121066,Media prioridad,0,11,2,1,1,0,169
52753,0.32607484345600635,Media prioridad,0,0,3,0,1,2,146
55561,0.3254849458936331,Media prioridad,0,12,4,1,2,3,155
53753,0.3254375345649212,Media prioridad,0,18,3,1,3,3,227
52457,0.3233052372553534,Media prioridad,1,16,1,0,1,9,202
53488,0.3148397188051999,Media prioridad,1,1,3,0,2,1,149
50804,0.31441088882989254,Media prioridad,1,7,2,0,1,5,180
52985,0.31428779471700624,Media prioridad,0,11,2,1,2,3,148
50479,0.3108760569205039,Media prioridad,0,9,3,0,1,0,123
51783,0.3108660628505127,Media prioridad,0,3,4,0,1,2,130
55313,0.30956534604155606,Media prioridad,0,1,1,0,3,3,156
53438,0.3087435534056238,Media prioridad,0,12,2,1,2,1,194
50247,0.30849422931194503,Media prioridad,0,9,2,0,1,2,122
50701,0.3081084689292968,Media prioridad,0,2,2,1,1,2,151
54071,0.3039916967243911,Media prioridad,0,9,5,0,2,5,25
52520,0.3038860076019096,Media prioridad,0,0,3,0,1,7,152
50881,0.30371611676623333,Media prioridad,0,2,5,0,1,9,180
51064,0.30158486055983735,Media prioridad,0,2,4,1,1,9,142
52988,0.2991092934477961,Media prioridad,0,9,4,0,7,10,205
53377,0.29643613850523154,Media prioridad,0,15,5,1,3,18,172
52674,0.29583062497151064,Media prioridad,0,0,3,0,5,8,135
50606,0.2945459769131898,Media prioridad,0,3,5,1,1,3,214
50837,0.28887131643782027,Sin accion,0,8,3,1,1,1,142
51892,0.28790491323984674,Sin accion,0,2,3,0,1,0,126
50071,0.2864523960376563,Sin accion,0,10,5,1,1,7,136
53579,0.28519282989969524,Sin accion,0,9,2,1,5,3,229
53652,0.2847776889931086,Sin accion,0,9,3,1,2,2,167
55049,0.28297361743108446,Sin accion,0,9,1,1,5,3,229
50028,0.2816309726816863,Sin accion,0,9,3,1,4,5,123
51142,0.28126426880124666,Sin accion,0,9,5,0,1,4,123
53195,0.27980329951889,Sin accion,1,9,5,0,2,1,168
54218,0.27937584711496766,Sin accion,0,9,5,1,3,3,165
54603,0.27831214718859804,Sin accion,0,10,1,0,10,3,225
53879,0.2774769628132314,Sin accion,0,3,4,1,2,10,167
51243,0.27567451706167906,Sin accion,0,9,4,0,1,2,122
51922,0.2741741176271318,Sin accion,0,0,1,0,1,1,143
53133,0.2739633270983169,Sin accion,0,10,2,0,10,3,225
50313,0.2736014842039657,Sin accion,0,3,4,0,1,2,130
53909,0.27254067333455206,Sin accion,0,15,3,0,9,3,217
52043,0.2696067073835398,Sin accion,0,9,1,0,1,2,122
50501,0.26860215457745557,Sin accion,0,18,5,1,1,2,208
53809,0.2621784515742823,Sin accion,0,1,1,0,2,1,146
54579,0.2612696172001212,Sin accion,0,1,1,0,2,3,154
50326,0.26124490164813124,Sin accion,0,4,2,1,1,5,166
53498,0.25986411868732917,Sin accion,0,12,3,1,3,3,212
55105,0.2596308104301023,Sin accion,0,2,1,0,8,6,192
50784,0.25824589660373337,Sin accion,0,6,3,1,1,8,184
50960,0.25774126286774535,Sin accion,0,7,3,1,8,6,171
54908,0.2570868459921147,Sin accion,0,12,1,1,2,1,194
54793,0.25677726029060105,Sin accion,0,16,1,1,3,3,150
53635,0.25590934105726243,Sin accion,0,2,2,0,8,6,192
50083,0.25475465272133,Sin accion,0,9,2,0,1,7,122
52254,0.25461686244891646,Sin accion,0,6,3,1,1,8,184
51094,0.2509809911340251,Sin accion,0,14,3,0,8,7,192
53275,0.25097137216951304,Sin accion,0,16,2,0,15,10,309
54075,0.24977176334229348,Sin accion,0,8,1,0,3,3,224
52234,0.24928975745436513,Sin accion,0,8,1,1,4,12,204
52272,0.24674526406174802,Sin accion,0,16,1,0,15,17,202
55098,0.24673326369042073,Sin accion,0,13,4,1,16,3,296
50101,0.24409688267499077,Sin accion,0,9,2,0,1,0,122
51398,0.2434489590756961,Sin accion,0,17,5,1,1,3,155
50579,0.2429737725101824,Sin accion,0,11,2,1,1,3,157
51491,0.24270186733367255,Sin accion,0,3,5,0,2,30,132
55545,0.242550984354172,Sin accion,0,8,1,0,3,3,224
51680,0.2421377003218083,Sin accion,0,18,1,0,9,8,137
51624,0.24101988844483951,Sin accion,0,0,4,0,1,4,164
51386,0.24004633132155154,Sin accion,0,9,1,0,1,0,120
55379,0.23686774200347901,Sin accion,0,15,3,0,9,3,217
50516,0.2367908986140386,Sin accion,0,0,2,0,3,4,132
50036,0.23618085046747034,Sin accion,0,0,2,0,2,2,123
52947,0.2355471839381781,Sin accion,0,16,5,1,8,9,151
52808,0.23523936977665205,Sin accion,0,12,1,0,9,3,220
50132,0.23503027873845447,Sin accion,0,15,5,1,7,8,126
53559,0.23180758133668544,Sin accion,0,2,5,0,4,4,157
52598,0.23064429077925705,Sin accion,0,7,1,1,1,2,129
52410,0.23019307387898288,Sin accion,0,9,3,0,1,3,121
51122,0.2299747607474857,Sin accion,1,9,1,0,1,2,122
54255,0.2293163944011341,Sin accion,0,6,3,0,6,8,175
50420,0.22896639272788286,Sin accion,0,20,3,1,2,13,238
51971,0.22766784928134495,Sin accion,0,18,5,1,1,2,208
51399,0.22760908016906967,Sin accion,0,8,5,1,2,3,199
50719,0.22758374989448932,Sin accion,0,0,2,0,1,7,144
51505,0.2263379073618036,Sin accion,0,9,3,0,1,2,122
53172,0.22562058221143214,Sin accion,0,8,2,1,2,4,161
55525,0.22528916210488398,Sin accion,0,2,1,1,2,8,193
54177,0.22503693450314832,Sin accion,0,6,4,1,2,6,158
55610,0.2240164995927546,Sin accion,0,6,5,0,2,3,149
51172,0.22083406713295922,Sin accion,0,3,3,0,1,2,197
55305,0.22070135106448707,Sin accion,0,5,5,0,2,4,178
52115,0.2206496230077291,Sin accion,0,9,3,0,1,3,120
53269,0.2205368985339955,Sin accion,0,12,5,1,5,13,185
54707,0.21372935380922706,Sin accion,0,3,3,0,2,1,151
53235,0.21294897090715786,Sin accion,0,21,3,1,12,14,263
54745,0.2122658771721586,Sin accion,0,16,1,0,15,10,309
52961,0.2116626156163485,Sin accion,0,29,5,1,5,14,315
53129,0.21109466371792493,Sin accion,0,9,3,1,2,1,201
54015,0.2102219157121502,Sin accion,0,3,3,0,2,7,189
51479,0.21021584048592906,Sin accion,0,14,3,1,1,7,182
53973,0.2102147510434142,Sin accion,0,7,5,0,8,7,156
50335,0.2075289946139732,Sin accion,0,14,3,1,1,7,168
51216,0.20750326885798046,Sin accion,0,9,3,1,1,7,157
50166,0.20473318808703506,Sin accion,0,22,5,1,1,2,287
52189,0.2044776146725358,Sin accion,0,0,1,0,1,7,144
53835,0.20298912456186105,Sin accion,0,5,5,0,2,4,178
51076,0.20294247025778692,Sin accion,0,17,1,1,2,2,132
50984,0.2006241001819135,Sin accion,0,8,5,0,1,2,125
54254,0.1993221763185275,Sin accion,0,20,5,1,2,6,232
52313,0.19851513410660118,Sin accion,0,13,4,0,1,3,124
51527,0.19718749496207458,Sin accion,0,9,4,0,1,2,123
50043,0.19718192880916066,Sin accion,0,3,2,0,7,4,194
54339,0.19498855314126967,Sin accion,0,20,5,0,16,3,230
55454,0.19256104067325758,Sin accion,0,17,3,0,2,3,149
53906,0.1917253538120086,Sin accion,0,9,1,1,2,5,174
53984,0.19159445487949167,Sin accion,0,17,3,0,2,3,149
52079,0.19156124213789266,Sin accion,0,0,1,0,1,3,155
51418,0.19124472915780583,Sin accion,0,4,4,0,1,0,125
52655,0.19052186289266648,Sin accion,0,0,1,0,1,2,147
52088,0.18778764876570367,Sin accion,0,23,1,0,1,0,124
54321,0.1859047301979691,Sin accion,0,1,1,0,3,3,148
53573,0.18544282751413488,Sin accion,0,10,5,1,8,3,228
51522,0.18509522855253333,Sin accion,0,6,1,0,1,2,125
51401,0.1846525059511344,Sin accion,0,6,1,1,2,12,235
53437,0.18441688557527364,Sin accion,0,15,3,0,6,11,325
52355,0.18393617094748044,Sin accion,0,30,5,1,1,5,297
53933,0.18280335428529548,Sin accion,0,14,4,0,13,9,323
51394,0.18278517895092558,Sin accion,0,19,1,1,1,8,158
53645,0.18253323074190464,Sin accion,0,16,3,1,3,11,304
53639,0.18252200485963382,Sin accion,0,4,5,1,2,9,244
50750,0.18251687155258814,Sin accion,0,3,3,0,8,9,135
54319,0.18179028207741207,Sin accion,0,14,1,0,2,12,234
54684,0.18072171669654857,Sin accion,0,24,3,1,4,9,157
51983,0.18044234590097571,Sin accion,0,5,1,0,1,2,123
52670,0.17883471734434536,Sin accion,0,2,3,0,1,6,164
53553,0.17695163578562004,Sin accion,0,18,3,0,2,1,148
54714,0.17552802431858908,Sin accion,0,14,1,1,3,4,148
53642,0.1743029040943465,Sin accion,0,15,4,0,12,10,187
50148,0.17409772897747516,Sin accion,0,9,2,0,1,4,121
52565,0.17315655974619604,Sin accion,0,2,3,0,1,2,130
55623,0.17109799649408447,Sin accion,0,13,1,0,2,7,245
50473,0.17073848302353986,Sin accion,0,15,2,1,1,2,161
52450,0.1705373939314843,Sin accion,0,2,3,0,1,0,125
53675,0.1702709806720292,Sin accion,0,2,5,0,2,5,172
55325,0.17005445577608122,Sin accion,0,14,1,1,4,4,204
55022,0.1689839859212527,Sin accion,0,20,5,0,16,10,295
50260,0.16764594047935527,Sin accion,0,9,3,0,9,0,176
53214,0.1675366120118652,Sin accion,0,24,3,1,4,9,157
51466,0.16699160197140916,Sin accion,0,3,3,0,1,9,126
50591,0.16689844974683066,Sin accion,0,6,4,1,1,2,155
53871,0.16684440568216566,Sin accion,0,10,4,0,2,4,145
51171,0.16639274683611432,Sin accion,0,14,3,1,13,5,204
51068,0.16622683272953023,Sin accion,0,22,5,1,2,2,126
54628,0.16620220988635842,Sin accion,0,11,4,0,8,3,213
52084,0.16614257992545206,Sin accion,0,12,1,0,11,3,227
50684,0.1658954602975077,Sin accion,0,2,2,0,1,7,125
51095,0.16583651385113898,Sin accion,0,2,3,0,1,2,130
51519,0.1646439350040455,Sin accion,0,3,5,0,6,10,131
51683,0.16418664275713923,Sin accion,0,2,1,0,2,2,140
53725,0.16389368263404894,Sin accion,0,19,5,1,2,8,234
51315,0.16384272426425753,Sin accion,0,9,1,0,3,4,176
51488,0.16360129190230993,Sin accion,0,11,3,1,2,2,143
50605,0.16244133235343441,Sin accion,0,8,3,1,10,1,204
51891,0.16063876214254919,Sin accion,0,3,1,0,7,7,153
51136,0.16055790311996318,Sin accion,0,5,4,0,1,7,127
54193,0.1601695522080746,Sin accion,0,4,3,0,2,9,147
53215,0.1591857501833837,Sin accion,0,8,4,0,8,3,211
50213,0.15883396486739296,Sin accion,0,2,2,0,2,2,140
53586,0.15874750414023933,Sin accion,0,5,5,1,2,2,193
50758,0.15806935880933617,Sin accion,0,9,5,1,7,7,203
50931,0.1579117348363802,Sin accion,0,7,5,0,6,9,270
51655,0.15563138771665616,Sin accion,0,4,1,1,1,3,148
53363,0.15452202077924343,Sin accion,0,16,3,0,2,4,187
50817,0.15290078028540083,Sin accion,0,3,2,0,6,7,146
53987,0.15219902251716916,Sin accion,0,4,3,0,2,3,222
50994,0.1516099253577251,Sin accion,0,9,1,0,1,0,121
54917,0.15085686255274885,Sin accion,0,6,3,0,8,8,165
54064,0.1506373806132337,Sin accion,0,12,4,1,2,8,146
53711,0.14950142564327965,Sin accion,0,21,2,0,2,3,159
54116,0.1480078147259165,Sin accion,0,7,1,1,9,2,37
50497,0.14686659269229158,Sin accion,0,9,2,1,4,11,162
54598,0.1466747972823704,Sin accion,0,4,4,0,2,3,155
51220,0.14663000767813203,Sin accion,0,10,5,1,1,4,143
55608,0.14658961797652226,Sin accion,0,10,1,0,12,12,179
52942,0.14627316335608312,Sin accion,0,13,3,0,2,9,234
50852,0.14625448122518947,Sin accion,0,29,4,1,2,9,234
55239,0.1461696402936767,Sin accion,0,18,5,0,15,18,288
50031,0.1460218866463268,Sin accion,0,2,3,0,1,9,143
52251,0.14572887728850614,Sin accion,0,2,1,0,1,7,261
55056,0.14477759350275374,Sin accion,0,5,5,1,2,2,193
54191,0.14454519012688327,Sin accion,0,7,1,0,2,1,150
53372,0.1441390478354837,Sin accion,0,12,5,0,6,12,261
51355,0.14403789851859566,Sin accion,0,9,3,0,7,7,152
55286,0.14254100892575228,Sin accion,0,3,1,0,2,3,214
54412,0.14228047658104853,Sin accion,0,13,3,0,2,9,234
53997,0.14202708457760027,Sin accion,0,5,5,0,3,3,221
54138,0.141833488560404,Sin accion,0,10,1,0,12,12,179
51021,0.14173267968247225,Sin accion,0,9,3,1,1,1,147
54223,0.14163973509686936,Sin accion,0,24,3,1,14,9,312
50827,0.14101748756428018,Sin accion,0,14,4,0,11,9,162
52130,0.14097246440120806,Sin accion,0,11,3,0,1,9,188
54262,0.14053894015090232,Sin accion,0,6,5,0,2,1,155
52731,0.1403653942556522,Sin accion,0,7,3,0,1,1,186
51779,0.13901716414300094,Sin accion,0,5,1,1,1,2,191
53891,0.13735842554831781,Sin accion,0,18,1,1,3,3,157
51004,0.13708732779069382,Sin accion,0,9,5,1,1,2,156
53596,0.1365242793812356,Sin accion,0,3,2,0,2,8,286
55202,0.13612837323905688,Sin accion,0,2,5,0,2,3,210
52336,0.1360813233867494,Sin accion,0,6,1,0,1,2,200
50445,0.13474504718185332,Sin accion,0,9,5,0,1,9,176
53344,0.13436174852971086,Sin accion,0,24,5,0,15,8,304
53772,0.1330069163910112,Sin accion,0,9,4,0,4,3,211
55282,0.13293884723936084,Sin accion,0,10,3,0,2,1,193
54520,0.13236751871288707,Sin accion,0,10,1,0,2,3,222
53816,0.13236631873317736,Sin accion,0,3,1,0,2,3,214
52793,0.13040288851793308,Sin accion,0,9,1,0,11,11,154
50192,0.12958211767643266,Sin accion,0,22,3,1,2,7,240
54312,0.12893726069965195,Sin accion,0,9,4,0,2,7,198
52510,0.128443557087455,Sin accion,0,13,1,1,3,3,179
53589,0.12835656784801863,Sin accion,0,17,2,0,2,8,322
54977,0.12801818708705504,Sin accion,0,13,4,0,2,4,193
53322,0.1279708426350559,Sin accion,0,18,2,1,2,3,153
53790,0.12711874128987655,Sin accion,0,19,4,0,8,8,199
53285,0.12668766806128523,Sin accion,0,3,3,0,2,8,152
52131,0.12665416444714875,Sin accion,0,13,1,0,11,1,203
53787,0.12636080373900735,Sin accion,0,14,1,1,8,8,289
54672,0.12629230509295733,Sin accion,0,10,4,1,2,3,213
54009,0.12345518686887788,Sin accion,0,3,1,0,4,11,163
52221,0.12313907140143872,Sin accion,0,17,1,0,13,17,145
55386,0.12216818038669187,Sin accion,0,19,4,0,9,7,292
54280,0.12183662939361406,Sin accion,0,17,1,1,5,13,295
50814,0.12181505239843209,Sin accion,0,30,3,0,2,2,124
52421,0.12150644593366136,Sin accion,0,5,1,0,1,3,212
51462,0.12150017980306739,Sin accion,0,7,5,0,5,3,216
55080,0.12120128406582426,Sin accion,0,31,1,0,6,3,230
50821,0.12107846344761479,Sin accion,0,23,5,1,1,2,269
51295,0.12086315496563568,Sin accion,0,15,5,1,1,2,154
51699,0.12036899616424274,Sin accion,0,10,5,1,6,7,160
50866,0.11996678518097104,Sin accion,0,6,2,0,1,2,200
53598,0.11984832932998556,Sin accion,0,18,4,0,4,11,307
54076,0.11956747494866836,Sin accion,0,8,3,0,2,3,211
52735,0.11905035002293529,Sin accion,0,4,5,0,8,7,150
54470,0.11872954286843802,Sin accion,0,5,1,1,2,4,173
53710,0.11872029160795408,Sin accion,0,10,5,0,2,3,181
53004,0.11863896727028928,Sin accion,0,7,4,0,2,9,244
51540,0.11787234377943243,Sin accion,0,18,1,0,11,8,268
52802,0.11781414498640724,Sin accion,0,8,3,1,1,2,157
53820,0.11778421183540287,Sin accion,0,16,1,0,2,2,321
54281,0.11778317091193,Sin accion,0,4,3,0,2,10,151
50225,0.11750430698626904,Sin accion,0,2,3,0,1,2,146
54291,0.1170516868916305,Sin accion,0,17,3,0,2,3,172
51577,0.1169291163410622,Sin accion,0,15,1,0,11,15,292
54456,0.1162086010988823,Sin accion,0,16,4,0,2,9,260
50726,0.11614977835265095,Sin accion,0,5,5,0,1,0,128
52284,0.11496974597886696,Sin accion,0,30,3,0,2,2,124
54627,0.1145865220506587,Sin accion,0,15,5,0,12,9,291
50342,0.11449358456360992,Sin accion,0,14,5,0,11,8,266
51407,0.11284204769808132,Sin accion,0,11,1,0,9,9,124
55443,0.11243818901665645,Sin accion,0,7,5,0,8,7,156
53019,0.11193862736828064,Sin accion,0,7,2,0,2,2,172
52348,0.11189587918817462,Sin accion,0,8,1,0,2,2,194
54760,0.11186492280443548,Sin accion,0,10,4,0,2,5,146
54306,0.11160493928898628,Sin accion,0,4,5,0,3,31,157
51184,0.1111558278325741,Sin accion,0,11,1,1,1,3,154
50380,0.11050320012671644,Sin accion,1,8,5,0,1,0,143
55068,0.11011861325080229,Sin accion,0,18,4,0,4,11,307
53757,0.10989431913439064,Sin accion,0,7,4,0,2,3,163
52169,0.10984404443678927,Sin accion,0,2,4,0,1,1,133
51597,0.10963919318620395,Sin accion,0,12,3,0,11,3,209
55125,0.10909245562784108,Sin accion,0,8,5,0,10,7,186
54510,0.10852083691518363,Sin accion,0,3,3,0,2,3,171
51242,0.10829377520672571,Sin accion,0,12,3,0,1,2,157
54442,0.10827798476931899,Sin accion,0,16,3,0,12,7,174
51674,0.1080916267833836,Sin accion,0,6,1,0,1,1,147
55261,0.10806230151280223,Sin accion,0,9,3,0,5,3,149
53919,0.10793661346321516,Sin accion,0,15,4,0,2,3,189
51074,0.1078250562270728,Sin accion,0,6,1,1,1,2,154
53670,0.10728361842392366,Sin accion,0,8,3,0,8,8,179
52128,0.10691005967040462,Sin accion,0,3,5,0,1,2,200
54971,0.10675833287059426,Sin accion,0,20,3,0,5,10,300
54645,0.10647042343175722,Sin accion,0,5,1,0,6,8,180
53366,0.10598328268273356,Sin accion,0,5,3,0,6,3,148
53063,0.10597161501939574,Sin accion,0,9,4,0,2,1,190
53804,0.10589600490563948,Sin accion,0,6,5,0,2,3,166
52470,0.10522048125635436,Sin accion,0,12,3,0,7,6,182
51083,0.10427402889436126,Sin accion,0,28,4,0,1,2,135
55372,0.10379754635536555,Sin accion,0,11,1,0,2,3,220
54591,0.10375563514668831,Sin accion,0,9,3,0,5,4,167
55324,0.10316309107163094,Sin accion,0,11,4,0,8,8,164
50099,0.10288587370101976,Sin accion,0,11,3,0,5,13,206
54465,0.10257559568927839,Sin accion,0,13,1,0,4,3,221
52938,0.10227816499622913,Sin accion,0,8,5,0,6,10,185
53016,0.10152452406737701,Sin accion,0,5,3,0,9,3,214
51359,0.10120378495450766,Sin accion,0,7,1,0,1,2,127
54069,0.10113712354951965,Sin accion,0,16,1,1,2,1,176
51055,0.10108131084069517,Sin accion,0,7,4,0,7,9,154
51194,0.10102359793660931,Sin accion,0,2,1,0,3,10,138
53319,0.10091787416981907,Sin accion,0,11,3,0,2,1,188
50116,0.10070375356986962,Sin accion,0,9,3,0,1,2,122
52338,0.10062040023045812,Sin accion,0,12,3,0,1,3,209
53118,0.10015556818427514,Sin accion,0,31,5,0,14,3,228
52605,0.09984994547801489,Sin accion,0,3,3,0,1,7,153
51302,0.09980527210575584,Sin accion,0,5,4,0,4,1,128
54758,0.0997835651938958,Sin accion,0,16,1,1,2,3,186
54251,0.09975613868251648,Sin accion,0,14,4,0,2,12,260
53870,0.09937696343156661,Sin accion,0,8,4,0,8,10,179
53610,0.09922978006451605,Sin accion,0,31,2,0,6,3,230
53433,0.0992196810222243,Sin accion,0,24,2,0,2,1,149
52018,0.09912454492610698,Sin accion,0,15,3,0,1,3,162
50844,0.0990433323340741,Sin accion,0,9,5,0,6,13,146
54668,0.09816107080981272,Sin accion,0,3,3,0,2,3,181
50711,0.09815449540635925,Sin accion,0,8,3,0,1,4,143
53229,0.09807258312147842,Sin accion,0,15,3,0,3,11,317
52027,0.09771303090523771,Sin accion,0,11,5,0,2,11,236
50688,0.09747394446273054,Sin accion,0,16,5,0,1,1,208
53854,0.0974532454071674,Sin accion,0,11,4,0,8,8,164
53292,0.0974431111194236,Sin accion,0,14,3,0,2,1,176
53683,0.09725326754010728,Sin accion,0,13,3,0,2,6,234
51049,0.0970296071979251,Sin accion,0,9,5,0,1,2,180
50957,0.0968319204527598,Sin accion,0,8,4,0,3,3,186
51482,0.09659165964518067,Sin accion,1,14,1,0,1,3,207
50263,0.09643946542147507,Sin accion,0,13,4,0,1,3,157
50560,0.09629877730860213,Sin accion,0,13,4,0,1,0,197
55461,0.09588308018294582,Sin accion,0,8,3,0,5,9,193
51329,0.09574848659558946,Sin accion,0,9,1,0,1,0,167
54812,0.09561543278113248,Sin accion,0,21,1,1,8,8,170
53159,0.09550390514051016,Sin accion,0,26,5,1,7,10,181
51967,0.0948688269837446,Sin accion,0,9,1,1,4,11,162
54154,0.09464725867832934,Sin accion,0,5,5,0,2,3,224
52036,0.09438190019017195,Sin accion,0,4,1,1,8,5,159
55624,0.09435576684378835,Sin accion,0,5,5,0,2,3,224
51261,0.09418279936993124,Sin accion,0,7,3,0,1,1,186
54006,0.09400203535781722,Sin accion,0,10,4,1,2,1,195
53432,0.0939679806298046,Sin accion,0,16,3,0,2,1,308
51852,0.09384639717611294,Sin accion,0,10,3,0,7,8,194
55106,0.09379287050291246,Sin accion,0,24,5,1,2,3,294
54123,0.09376260524129494,Sin accion,0,11,1,1,7,9,262
51476,0.09371532104909512,Sin accion,0,16,3,0,1,2,147
50918,0.09293826568541701,Sin accion,0,17,3,0,1,3,132
51437,0.09288132673742522,Sin accion,0,24,1,1,1,0,154
53461,0.09278100689018995,Sin accion,0,20,2,0,3,3,321
52758,0.09220007888883064,Sin accion,0,3,4,0,1,7,137
54879,0.09214703546159385,Sin accion,0,19,5,1,2,9,161
54903,0.09209886540361792,Sin accion,0,24,1,0,2,1,149
52412,0.09207890481045969,Sin accion,0,6,4,0,1,2,138
50025,0.0911802606334574,Sin accion,1,14,2,0,1,3,207
55484,0.09086398181209604,Sin accion,0,2,1,0,3,3,152
50234,0.09073972690720797,Sin accion,0,9,2,0,1,0,167
50214,0.09048342070913126,Sin accion,0,3,3,0,1,2,161
53535,0.0895210566119707,Sin accion,0,4,3,0,2,5,191
54248,0.08925578446554355,Sin accion,0,25,1,0,2,4,146
50795,0.08903847332715456,Sin accion,0,30,2,0,5,4,205
51586,0.08886086216827292,Sin accion,0,9,3,0,1,2,122
52620,0.08814492853529968,Sin accion,0,4,1,0,5,7,155
51503,0.08813330153820537,Sin accion,0,30,4,1,1,0,133
52730,0.08747479049203599,Sin accion,0,7,1,0,2,1,199
51704,0.08705377426659304,Sin accion,0,9,1,0,1,0,167
53209,0.08664711718834474,Sin accion,0,12,2,0,2,6,165
51005,0.08645968409485509,Sin accion,0,15,1,0,1,1,296
50612,0.08644726692025179,Sin accion,0,21,3,0,4,3,210
51406,0.08635052700614415,Sin accion,0,5,1,1,7,8,162
53898,0.0863273324324747,Sin accion,0,29,4,0,2,3,160
54496,0.08631124484428587,Sin accion,0,14,1,1,2,3,200
51024,0.08610011855988516,Sin accion,0,12,5,0,7,7,154
51368,0.08600582473133432,Sin accion,0,7,4,0,2,3,220
54050,0.0859103608941618,Sin accion,0,8,1,1,2,2,206
54710,0.08586067682887004,Sin accion,0,8,3,0,5,4,186
53281,0.08561024732366729,Sin accion,0,7,3,0,2,8,242
53750,0.0855509801670747,Sin accion,0,9,3,0,2,1,149
54282,0.08547246885163384,Sin accion,0,7,4,0,2,8,186
52471,0.0852206016897549,Sin accion,0,2,1,0,1,3,189
53852,0.08515931119133784,Sin accion,0,12,3,1,2,3,203
50583,0.0850993774520635,Sin accion,0,20,3,1,2,7,151
50179,0.08448960127301344,Sin accion,0,4,2,0,7,7,169
53975,0.08448371074758682,Sin accion,0,13,3,0,2,3,260
52333,0.08395591021335283,Sin accion,0,24,4,0,3,2,206
53541,0.0837406418206497,Sin accion,0,6,5,0,2,1,153
55220,0.08314723081264729,Sin accion,0,9,3,0,2,1,149
54307,0.08283769428291451,Sin accion,0,4,1,0,2,3,152
54381,0.08280435174192696,Sin accion,0,10,4,0,4,8,184
54751,0.08279819762662219,Sin accion,0,7,3,0,2,8,242
53538,0.08249299379283016,Sin accion,0,8,5,0,5,10,178
53632,0.082449349734739,Sin accion,0,4,2,0,7,8,171
53015,0.08241530394078408,Sin accion,0,4,2,0,2,10,183
51950,0.0823597775578258,Sin accion,0,15,4,0,7,8,144
53782,0.08216605513502431,Sin accion,0,7,4,0,2,3,168
54921,0.08198068803416257,Sin accion,0,27,4,0,7,13,200
51850,0.08185060859925987,Sin accion,1,8,5,0,1,0,143
52872,0.08182294404072693,Sin accion,0,8,4,0,2,3,148
54117,0.08180876062514596,Sin accion,0,6,4,0,5,2,153
51776,0.08110032733048841,Sin accion,0,8,3,0,4,3,142
52494,0.08052368974833646,Sin accion,0,12,5,0,7,7,154
53339,0.08035217230579071,Sin accion,0,11,2,0,2,1,155
51234,0.07981650058496079,Sin accion,0,4,1,1,1,4,166
51176,0.07940292934605372,Sin accion,0,7,3,0,4,8,168
50675,0.07909903688561246,Sin accion,0,15,5,0,13,7,277
51877,0.0790785029465435,Sin accion,0,5,1,0,7,3,212
53721,0.07888949486696992,Sin accion,0,5,2,0,2,10,233
52114,0.07886340058198199,Sin accion,0,13,5,0,7,5,184
52876,0.07885455417306572,Sin accion,0,7,4,0,2,7,153
53047,0.07865228967503696,Sin accion,0,16,2,0,2,1,193
54347,0.07808865997788118,Sin accion,0,14,3,0,10,10,315
54688,0.07801060152499822,Sin accion,0,6,1,0,2,9,179
52932,0.07778967700574196,Sin accion,0,6,2,0,3,3,170
52145,0.07726424037441883,Sin accion,0,15,5,0,13,7,277
53218,0.0768294267786175,Sin accion,0,6,2,0,2,9,179
53971,0.07653782579471831,Sin accion,0,11,4,0,5,8,166
54157,0.07622423649922405,Sin accion,0,13,5,0,2,3,225
54090,0.07590326015905782,Sin accion,0,17,3,0,2,10,200
53168,0.07589401082920073,Sin accion,0,24,4,0,11,8,307
53878,0.07588077565874095,Sin accion,0,12,1,0,3,10,172
55427,0.07582229996004035,Sin accion,0,15,5,0,2,5,148
55555,0.0757678494138131,Sin accion,0,6,1,0,2,3,222
50636,0.07573326359429376,Sin accion,0,26,4,0,6,12,175
51265,0.07557392949143225,Sin accion,0,4,5,0,8,7,150
54796,0.07534724459880461,Sin accion,0,9,3,1,2,16,232
54318,0.07529258976477213,Sin accion,0,31,4,1,2,1,158
54198,0.07523060466069496,Sin accion,0,9,1,0,3,3,145
53350,0.07494320101111329,Sin accion,0,2,2,0,2,3,174
51409,0.07487796806666455,Sin accion,0,30,5,0,7,9,176
50776,0.07482473959902419,Sin accion,0,9,4,0,1,7,137
55156,0.07460143335910169,Sin accion,0,17,3,1,2,9,166
52703,0.0742549669683754,Sin accion,0,15,5,0,2,7,233
51016,0.07411926268469277,Sin accion,0,17,1,1,1,10,290
52106,0.07392292176088099,Sin accion,0,26,4,0,6,12,175
50493,0.07367309741574916,Sin accion,0,17,4,0,2,3,159
51096,0.07322392050501299,Sin accion,0,9,1,0,6,7,145
54741,0.07319893911448201,Sin accion,0,9,1,0,2,3,151
54578,0.07298496386005059,Sin accion,0,14,3,0,2,13,305
51452,0.07281673383836954,Sin accion,0,23,4,1,1,7,282
55393,0.07262393792428085,Sin accion,0,9,3,0,2,8,194
51929,0.07243176707902264,Sin accion,0,7,5,0,1,2,165
53523,0.07242725582897344,Sin accion,0,11,2,0,2,4,182
51436,0.07227709162696165,Sin accion,0,13,4,0,2,11,235
54359,0.07204883334648486,Sin accion,0,12,3,0,2,1,191
51894,0.07204633378878843,Sin accion,0,16,1,0,2,2,168
54782,0.07192631620393289,Sin accion,0,10,1,1,5,12,187
50142,0.0719249137703023,Sin accion,0,4,2,0,7,8,156
52566,0.0719016247342476,Sin accion,0,9,1,0,6,7,145
50563,0.07171283899347253,Sin accion,0,9,3,0,3,9,125
53674,0.07139788531162966,Sin accion,0,8,2,0,5,12,192
54766,0.07094427627977595,Sin accion,0,12,5,0,2,3,188
50495,0.07084474874773386,Sin accion,0,6,5,0,1,8,140
51424,0.06985765690764892,Sin accion,0,10,3,0,2,2,237
53240,0.0696915241750792,Sin accion,0,8,3,0,5,4,186
54967,0.06945188292458528,Sin accion,0,26,4,0,5,3,229
51019,0.06886012377926237,Sin accion,0,18,5,0,4,5,144
53163,0.06883229728088916,Sin accion,0,11,4,0,5,4,189
52103,0.06806499649281882,Sin accion,0,7,1,0,1,9,197
50794,0.06753662257904691,Sin accion,0,24,4,1,11,10,298
50584,0.06752464073450837,Sin accion,0,9,2,0,1,7,151
50774,0.06725980123255124,Sin accion,0,16,2,0,1,7,297
51947,0.0670468186629461,Sin accion,0,13,3,0,1,0,151
54011,0.06644306412221743,Sin accion,0,16,3,0,4,4,154
50248,0.06631842586639539,Sin accion,0,8,4,0,1,0,165
54887,0.06609126553770307,Sin accion,0,5,5,0,2,4,166
53678,0.06599017225980651,Sin accion,0,25,4,0,4,3,231
50870,0.06575274159475045,Sin accion,0,25,3,1,2,2,232
54993,0.06571908333583666,Sin accion,0,11,1,0,2,4,182
53055,0.06556210972050101,Sin accion,0,11,5,0,2,4,160
53297,0.06525218716814699,Sin accion,0,8,2,0,2,4,151
51238,0.06524817880322288,Sin accion,0,18,3,0,1,3,154
53648,0.06491484842671956,Sin accion,0,14,3,0,2,1,160
50267,0.06478806411053292,Sin accion,0,13,3,0,1,0,134
53960,0.06454793364493039,Sin accion,0,17,1,0,2,9,160
55309,0.06444407360750262,Sin accion,0,13,5,0,8,8,179
53514,0.06438420841847806,Sin accion,0,3,4,0,2,2,158
51856,0.0639468213426979,Sin accion,0,27,4,0,7,1,207
50161,0.0638755769996974,Sin accion,0,9,2,0,5,7,121
53983,0.06370500133657374,Sin accion,0,13,1,0,3,3,166
54482,0.06357737991124499,Sin accion,0,5,1,0,2,8,200
54777,0.0635029351168907,Sin accion,0,25,3,0,5,18,288
53905,0.06317681925184511,Sin accion,0,18,1,1,7,8,204
53365,0.06310293757634695,Sin accion,0,31,4,1,2,3,231
52391,0.06293415087329544,Sin accion,0,13,3,0,1,2,123
50337,0.06288438102897065,Sin accion,0,8,3,0,1,3,149
50812,0.06280063441919817,Sin accion,0,18,4,0,1,0,281
53569,0.06259398865033451,Sin accion,0,16,5,0,2,4,188
54402,0.06225076811042725,Sin accion,0,6,1,0,3,3,170
50069,0.06223610386873761,Sin accion,0,9,2,0,2,2,121
51910,0.061934749899242414,Sin accion,0,18,3,0,3,1,166
51444,0.061336015085094335,Sin accion,0,30,3,0,2,8,239
54468,0.061129366370230524,Sin accion,0,12,4,0,2,2,246
54174,0.06100223213315188,Sin accion,0,8,1,0,2,3,152
53889,0.060796591376145556,Sin accion,0,7,1,1,2,3,179
54430,0.06070589074759397,Sin accion,0,10,1,0,11,12,157
50756,0.06055575058229629,Sin accion,0,5,4,0,2,2,127
54083,0.06009742383650907,Sin accion,0,9,1,1,2,10,177
53798,0.060081454965950486,Sin accion,0,12,3,0,2,3,186
54502,0.06007401723988516,Sin accion,0,12,1,1,2,10,240
50970,0.05989046216422385,Sin accion,0,13,5,0,7,1,155
55519,0.05974613015479426,Sin accion,0,5,1,1,2,5,191
51818,0.05952230198942507,Sin accion,0,10,4,0,4,3,164
53217,0.0593768295727368,Sin accion,0,13,3,0,12,11,171
51475,0.05935655891519155,Sin accion,0,22,5,0,5,11,166
52426,0.059114765030316,Sin accion,0,19,4,0,5,1,266
54443,0.05904143772990514,Sin accion,0,3,1,0,2,10,171
50324,0.058933248951886584,Sin accion,0,13,3,0,2,13,232
53821,0.058921392291116356,Sin accion,0,9,3,0,7,9,159
54634,0.05870556910293818,Sin accion,0,23,3,1,2,10,320
52308,0.058633036621081436,Sin accion,0,24,4,1,2,10,240
54046,0.05848142015615085,Sin accion,0,10,4,0,2,4,180
53947,0.058256732850139104,Sin accion,0,12,4,0,2,6,150
52250,0.058158415722096436,Sin accion,0,21,1,0,1,0,283
51310,0.05790790984923527,Sin accion,0,25,1,0,1,0,135
51190,0.05787211934314174,Sin accion,0,18,3,0,5,7,152
50459,0.05783856406523331,Sin accion,0,7,5,0,1,2,165
50285,0.057502889898710725,Sin accion,0,15,3,0,1,2,146
51603,0.057461590207436276,Sin accion,0,13,3,0,3,9,294
51014,0.05746088110254592,Sin accion,0,23,3,1,12,3,212
53794,0.05731116076218787,Sin accion,0,22,3,0,8,8,189
52396,0.05724818925555265,Sin accion,0,15,1,0,5,8,137
51481,0.056828719352098246,Sin accion,0,9,4,0,1,1,149
54279,0.05676153976494737,Sin accion,0,10,1,0,2,1,153
51829,0.05670418200198074,Sin accion,0,8,1,0,1,2,137
53139,0.05662825509530707,Sin accion,0,14,3,0,2,14,257
51621,0.05640076176010849,Sin accion,0,10,1,1,2,2,236
50176,0.056065752298108514,Sin accion,0,14,4,0,2,4,260
52083,0.0560547686968675,Sin accion,0,14,3,0,2,1,150
54927,0.05589613295686959,Sin accion,0,24,3,1,8,8,317
54131,0.05585249122481329,Sin accion,0,10,4,0,2,3,176
52555,0.055729689451584824,Sin accion,0,30,1,0,1,0,209
55250,0.055101743492061456,Sin accion,0,11,1,0,4,8,168
50905,0.054920534319861464,Sin accion,0,13,3,0,1,7,140
54246,0.054782931551389004,Sin accion,0,30,1,0,2,3,198
52104,0.05474335582399518,Sin accion,0,30,1,1,1,3,219
53741,0.05460833910468314,Sin accion,0,16,1,0,6,9,162
54898,0.05379548487611778,Sin accion,0,15,3,0,3,2,175
51130,0.0534018990229837,Sin accion,0,22,1,0,1,4,145
55149,0.05333789078386695,Sin accion,0,15,1,1,4,4,180
53031,0.052961157853189215,Sin accion,0,11,2,0,2,5,188
53901,0.05294301157595621,Sin accion,0,7,4,0,3,14,145
51590,0.052587826942020494,Sin accion,0,18,1,0,1,7,292
52870,0.05238686795030373,Sin accion,0,12,2,0,3,2,148
51736,0.05223199597777742,Sin accion,0,16,4,0,2,9,243
51846,0.05219059920230063,Sin accion,0,5,1,1,1,5,163
51196,0.05208349107526356,Sin accion,0,15,3,0,3,3,129
53692,0.05206601436649654,Sin accion,0,11,3,0,2,3,161
50877,0.05174152310997486,Sin accion,0,10,3,0,1,2,136
51742,0.051513127505448855,Sin accion,0,16,3,1,1,2,145
50876,0.05137428477440933,Sin accion,0,25,5,0,1,4,130
52305,0.05084090515204147,Sin accion,0,13,1,0,8,8,147
50502,0.05045734212098984,Sin accion,0,5,3,0,1,3,152
52681,0.04991694803171111,Sin accion,0,12,1,0,2,2,139
53629,0.049697676970185484,Sin accion,0,31,3,0,3,3,149
52949,0.04957612186668658,Sin accion,0,25,2,0,2,1,152
54841,0.04936238370158457,Sin accion,0,10,1,0,2,2,172
54236,0.049341299143187536,Sin accion,0,5,1,0,2,9,169
55321,0.04924885585746461,Sin accion,0,19,1,0,4,10,183
50634,0.04905087189539553,Sin accion,0,30,2,1,1,3,219
53449,0.04801409659082305,Sin accion,0,31,2,1,2,5,244
53920,0.04790181293804857,Sin accion,0,14,5,1,2,1,190
51835,0.04784009849183299,Sin accion,0,16,1,1,1,0,266
53980,0.047720763385234365,Sin accion,0,12,4,0,4,9,151
55541,0.04768826158056028,Sin accion,0,9,5,0,2,5,181
54982,0.04738448569263756,Sin accion,0,23,4,0,2,4,256
54995,0.047080197666612845,Sin accion,0,8,3,0,2,4,182
55130,0.04693526568993521,Sin accion,0,22,1,0,2,9,204
55496,0.04675940148070134,Sin accion,0,13,1,0,3,3,164
54525,0.046640421740266634,Sin accion,0,11,5,0,2,4,160
54798,0.04628586320096223,Sin accion,0,6,1,0,2,3,148
51316,0.04609964101133606,Sin accion,0,9,4,0,1,2,151
53715,0.04604567394321155,Sin accion,0,21,3,0,6,7,297
55061,0.04593064157640435,Sin accion,0,10,4,0,2,8,162
50277,0.04560642713581235,Sin accion,0,29,5,0,2,7,232
54444,0.04545623806536089,Sin accion,0,29,1,1,2,9,179
52934,0.0449754791053275,Sin accion,0,14,2,0,5,8,158
54626,0.04466346476152573,Sin accion,0,20,3,0,2,3,230
53823,0.04462540059994487,Sin accion,0,14,5,0,2,3,171
54918,0.044452493795803745,Sin accion,0,8,1,0,2,3,222
55523,0.04428066526797665,Sin accion,0,19,3,0,2,4,179
54572,0.0440776737824922,Sin accion,0,31,5,0,12,11,321
52939,0.0438893444497158,Sin accion,0,11,5,0,2,3,164
55277,0.04366531059121957,Sin accion,0,29,1,0,3,14,321
53662,0.04311058551352648,Sin accion,0,25,4,0,2,4,256
54026,0.04305863258147061,Sin accion,0,13,1,0,3,3,164
54901,0.04305474697307478,Sin accion,0,9,1,0,2,3,164
53581,0.04278013051379182,Sin accion,0,28,3,0,2,3,230
52116,0.04258860838099634,Sin accion,0,19,1,0,2,2,296
54889,0.042531263563278944,Sin accion,0,28,3,0,2,9,232
54436,0.04252094548731341,Sin accion,0,11,1,1,2,3,261
54441,0.04240165945455164,Sin accion,0,27,3,1,2,4,301
50702,0.042033808794739974,Sin accion,0,11,3,0,5,0,128
53990,0.041896372086046706,Sin accion,0,14,1,0,2,4,190
55184,0.0416369839398549,Sin accion,0,30,5,0,2,1,146
54838,0.04145956148640794,Sin accion,0,23,4,0,2,8,199
50641,0.0414156152197985,Sin accion,0,11,3,0,2,2,128
51951,0.04102869208918576,Sin accion,0,11,5,0,1,2,163
50159,0.04092139259594359,Sin accion,0,28,2,1,1,8,154
53087,0.04078196848707022,Sin accion,0,17,3,1,2,3,170
52887,0.04050921337521137,Sin accion,0,9,4,0,2,3,169
54410,0.040400414757637094,Sin accion,0,19,3,0,2,3,189
52062,0.04003043473863191,Sin accion,0,14,3,0,1,11,294
52698,0.04001297826780597,Sin accion,0,17,5,0,2,2,150
50570,0.03993936543368238,Sin accion,0,6,2,0,1,4,169
55465,0.039388519218047625,Sin accion,0,14,5,0,8,8,169
52575,0.03916259073458562,Sin accion,0,13,5,1,1,0,165
50182,0.03870360808611633,Sin accion,0,5,3,0,4,8,155
55206,0.03853356124376185,Sin accion,0,14,3,0,2,3,148
52940,0.038447096821915806,Sin accion,0,19,3,0,2,3,189
51026,0.03841788729141069,Sin accion,0,8,5,0,1,10,152
53848,0.03841208905029502,Sin accion,0,9,3,0,3,10,166
50300,0.0382371348396141,Sin accion,0,30,2,0,2,0,241
50446,0.03794782495556867,Sin accion,0,25,2,0,1,2,143
51775,0.037936130556225175,Sin accion,0,19,3,0,1,1,279
54108,0.03786525620722969,Sin accion,0,5,3,0,2,3,156
50120,0.03738117940865335,Sin accion,0,18,2,0,1,7,292
54324,0.03732434654273177,Sin accion,0,31,1,1,2,3,219
53851,0.03717657599213343,Sin accion,0,19,1,0,4,10,183
51373,0.03698102456932102,Sin accion,0,15,4,0,4,2,168
54032,0.03692526476411743,Sin accion,0,5,3,0,2,3,167
53709,0.03670237792768893,Sin accion,0,10,2,0,2,9,183
54613,0.036702302320516286,Sin accion,0,19,4,0,4,8,173
50287,0.03659765758128661,Sin accion,0,30,5,0,11,10,296
53485,0.036509743299888126,Sin accion,0,8,2,0,2,5,203
51985,0.036474498566655196,Sin accion,0,22,5,0,1,2,136
54103,0.03647391712128669,Sin accion,0,4,4,0,2,8,162
52766,0.03633732634479991,Sin accion,0,14,1,0,1,0,128
52432,0.036203315090215266,Sin accion,0,23,1,1,2,9,244
51774,0.036117398077690425,Sin accion,0,20,1,0,1,4,151
50064,0.035607109488262,Sin accion,0,7,3,0,1,9,195
53092,0.035553783517360195,Sin accion,0,30,5,0,2,8,257
50766,0.0355375895229201,Sin accion,0,27,3,0,1,4,205
55429,0.03550560244314282,Sin accion,0,27,3,1,2,3,255
50498,0.03516322907519256,Sin accion,0,5,2,0,1,3,144
51292,0.03499136897175072,Sin accion,0,11,4,0,5,8,144
50077,0.03474807482551525,Sin accion,0,22,2,1,1,7,168
53584,0.0337537445957853,Sin accion,0,3,2,0,2,3,163
53660,0.03324710314413036,Sin accion,0,22,2,0,2,9,204
50650,0.033110469616739954,Sin accion,0,28,5,0,6,2,268
55307,0.03259496658810497,Sin accion,0,8,1,0,8,3,172
53829,0.03240468386350968,Sin accion,0,24,3,1,2,14,237
53337,0.032032816668078085,Sin accion,0,27,2,0,2,3,243
51534,0.03196559700757769,Sin accion,0,7,3,0,1,9,195
55208,0.03163434744772999,Sin accion,0,7,5,0,2,4,169
52223,0.031156764076628776,Sin accion,0,19,1,0,1,4,174
51920,0.03114791985786558,Sin accion,0,7,1,0,1,3,133
53959,0.030826504804903624,Sin accion,0,27,3,1,2,3,255
54374,0.03039495745096502,Sin accion,0,25,4,0,2,8,250
51992,0.0301224198114957,Sin accion,0,26,1,0,2,3,218
54210,0.029984645046290757,Sin accion,0,9,1,0,2,2,148
54882,0.02971049838773169,Sin accion,0,24,3,1,2,6,265
54459,0.029347978579565698,Sin accion,0,10,1,0,2,1,162
55097,0.02929196856105097,Sin accion,0,19,4,0,2,1,306
50698,0.029251419364976924,Sin accion,0,7,3,0,1,2,140
51419,0.029218642578484052,Sin accion,0,5,4,0,1,9,162
52540,0.029074361742243884,Sin accion,0,20,4,0,2,2,260
52492,0.02905372588710152,Sin accion,0,7,1,0,7,2,147
54713,0.028994201311857693,Sin accion,0,30,1,0,2,2,236
51168,0.028983520827736302,Sin accion,0,12,1,0,2,2,141
50627,0.02892253261394888,Sin accion,0,23,3,0,1,13,163
52720,0.02889438192779679,Sin accion,0,60,1,1,1,0,279
52417,0.02853748929900812,Sin accion,0,22,5,0,1,2,148
53756,0.02828389598705256,Sin accion,0,29,3,1,2,3,165
55433,0.028266913799222648,Sin accion,0,12,3,0,2,5,162
52150,0.028258122847776984,Sin accion,0,21,1,0,2,1,269
50643,0.0281992252096009,Sin accion,0,10,4,0,1,1,141
50241,0.02765757938125649,Sin accion,0,19,3,0,1,0,153
54664,0.0275150657815967,Sin accion,0,8,1,0,9,9,152
50847,0.02731275145907934,Sin accion,0,24,4,0,1,3,231
51676,0.027221854306818654,Sin accion,0,16,3,0,1,0,153
55299,0.026935468854165104,Sin accion,0,24,3,1,2,14,237
50206,0.026870642125878478,Sin accion,0,16,3,0,1,0,153
52101,0.026832409109447806,Sin accion,0,18,1,0,1,1,277
55205,0.026656128852004947,Sin accion,0,23,3,0,2,3,192
51293,0.026442399289810525,Sin accion,0,4,3,0,1,2,131
50619,0.02623857969659984,Sin accion,0,30,2,1,2,3,237
54987,0.0251466425467765,Sin accion,0,12,3,0,6,1,153
51404,0.025138977682466666,Sin accion,0,4,1,0,1,7,159
54042,0.02495533008965634,Sin accion,0,22,1,0,5,8,297
50307,0.02471523658283464,Sin accion,0,27,3,0,1,0,138
52111,0.024539916671485917,Sin accion,0,11,3,0,2,2,128
53841,0.024319717654354735,Sin accion,0,9,5,0,2,11,177
54883,0.024244512620827195,Sin accion,0,12,3,0,2,3,152
52148,0.024111516026432512,Sin accion,0,6,4,0,1,2,143
51066,0.024020164348452337,Sin accion,0,5,4,0,1,6,155
52038,0.023494851393382584,Sin accion,0,5,5,0,6,3,167
51405,0.022692181574491953,Sin accion,0,10,3,0,1,7,160
54344,0.022127892029432022,Sin accion,0,24,3,0,2,3,162
52301,0.022082024511982126,Sin accion,0,28,3,0,9,11,292
50065,0.02139202829810407,Sin accion,0,24,4,0,2,0,237
54590,0.021326424560181845,Sin accion,0,20,3,0,2,2,304
50066,0.020922567709894136,Sin accion,0,25,3,0,11,9,300
54857,0.020710655271697367,Sin accion,0,19,4,0,2,9,169
53595,0.020604753965104382,Sin accion,0,22,2,0,2,1,308
54160,0.020443845414717207,Sin accion,0,8,3,0,2,3,169
53318,0.02037501892069109,Sin accion,0,26,2,0,2,1,263
52042,0.020330608882672928,Sin accion,0,18,4,0,1,8,144
51880,0.019383519306495556,Sin accion,0,26,3,0,2,3,248
51652,0.019311213865280757,Sin accion,0,5,3,0,4,8,155
50590,0.01900856360143542,Sin accion,0,23,2,0,1,3,274
50616,0.01810296805788817,Sin accion,0,8,2,0,1,2,139
52744,0.017980763124237572,Sin accion,0,6,3,0,2,8,160
50463,0.017906889305263143,Sin accion,0,25,3,0,1,4,131
51907,0.017638991115704786,Sin accion,0,25,5,0,1,16,269
55388,0.017197688111519747,Sin accion,0,5,3,0,2,4,160
54748,0.017175349231800186,Sin accion,0,26,3,0,2,5,156
51058,0.016409551558049792,Sin accion,0,9,3,0,1,2,144
53070,0.016319330177574105,Sin accion,0,29,2,1,2,3,292
53284,0.016290465650554767,Sin accion,0,10,4,0,2,6,177
54774,0.016030692483522162,Sin accion,0,8,1,0,2,3,162
52044,0.015508738324201963,Sin accion,0,8,3,0,1,0,146
51706,0.014524559235090571,Sin accion,0,30,3,0,1,2,168
50670,0.014332158675074957,Sin accion,0,7,2,0,1,4,178
52045,0.013953736856034318,Sin accion,0,25,1,0,7,8,271
54490,0.013298964774027072,Sin accion,0,21,3,0,2,2,308
53588,0.01234596436631169,Sin accion,0,31,2,0,2,6,177
50205,0.012336590417228668,Sin accion,0,20,3,0,1,1,283
54186,0.01080196236684045,Sin accion,0,27,3,0,5,9,316
53056,0.010654320896657452,Sin accion,0,20,3,0,2,1,178
55538,0.008677589780156696,Sin accion,0,23,1,0,5,4,317
51565,0.008550988070882221,Sin accion,0,27,5,0,1,5,159
54380,0.006574499661592097,Sin accion,0,28,5,0,2,6,184
54440,0.0060329093010549496,Sin accion,0,24,4,0,2,7,316
52240,0.005436006531640497,Sin accion,0,27,1,0,1,9,278
50464,0.004806615144968481,Sin accion,0,23,3,0,1,3,276
50952,0.004088214296247474,Sin accion,0,27,1,0,2,12,260
53701,0.0038636496722480374,Sin accion,0,29,2,0,2,1,272
53585,0.003635074555270907,Sin accion,0,28,2,0,2,10,303
